Nome,Handle,Plataforma,Seguidores,Contato,Nicho,Angulo,Categoria,Status
Anime United,@animeunitedbr,Site / YouTube / Podcast,≈300K+ nas redes,contato@animeunited.com.br,"Anime, mangá, cosplay, light novel e cultura otaku","Enviar release como universo de ação gratuito em português, com webtoon, livros, RPG tático e trilha original.",WEBTOON/MANGA,Pendente
UNITEDcast,@animeunitedbr,Podcast / Site,≈300K+ nas redes do Anime United,podcast@animeunited.com.br,Podcast brasileiro de anime e mangá,Propor pauta sobre obras independentes brasileiras com estética de anime e universo transmídia gratuito.,WEBTOON/MANGA,Pendente
IntoxiAnime,@IntoxiAnime,YouTube / Site,≈1.38M YouTube,intoxicacaoanimentar@gmail.com,"Animes, light novels, mangás e guias de temporada","Pitchar Illusion Fight como obra brasileira gratuita para público de anime, com capítulos seriados e visual shonen/action.",WEBTOON/MANGA,Pendente
Marco Abreu / IntoxiAnime,@marco_abreuu,X / Site / YouTube,≈1.38M no canal IntoxiAnime,marcoabreu00@gmail.com,"Anime, novels, análise de mercado otaku",Abordar como case de criador nacional tentando construir IP de ação em múltiplos formatos.,WEBTOON/MANGA,Pendente
ANMTV,@ANMTV,Site / Redes sociais,≈100K+ nas redes,contato@anmtv.com.br,"Anime, mangá, tokusatsu, animação, games e cultura oriental","Enviar nota de lançamento do universo gratuito com webtoon, RPG e OST, com foco em anime-inspired brasileiro.",WEBTOON/MANGA,Pendente
JBox,@JBoxNoticias,Site / Redes sociais,≈50K+ nas redes,contato@jbox.com.br,"Anime, mangá, tokusatsu, cultura pop japonesa",Propor matéria de descoberta sobre IP independente brasileira com estética de anime e acesso gratuito.,WEBTOON/MANGA,Pendente
Canal MangaQ,@CanalMangaQ,YouTube,≈100K+,canalmangaq@yahoo.com,"Mangás, teorias e resumos de obras de ação",Oferecer webtoon e livros como pauta para leitores de shonen/seinen buscando universo gratuito em português.,WEBTOON/MANGA,Pendente
Anime Academy,@animeacademyoficial,YouTube,≈100K+,animeacademycontato@gmail.com,"Personagens, poderes, rankings e curiosidades de anime","Sugerir vídeo de poderes, facções e personagens de Illusion Fight como universo nacional de ação.",WEBTOON/MANGA,Pendente
Omoshiroi,@omoshiroicast,Podcast / Instagram / YouTube,≈1K–10K,falecom.omoshiroi@gmail.com,"Anime, mangá e cultura japonesa em podcast","Propor episódio/quadros de obras independentes brasileiras influenciadas por anime, com OST e RPG tático.",WEBTOON/MANGA,Pendente
Gasha!,@gashapodcast,Podcast / Site,≈1K–10K,gashapodcast@gmail.com,"Podcast brasileiro sobre anime, mangá e cultura otaku",Pitchar Illusion Fight como indicação de universo otaku nacional gratuito para debate no podcast.,WEBTOON/MANGA,Pendente
Voice Makers,@VoiceMakers,YouTube,≈1M+,fazedoresdevoz@gmail.com,"Dublagem, paródia, animação e cultura anime","Abordar pelo ângulo de universo de ação com potencial para dublagem, cenas, personagens e trilha original.",WEBTOON/MANGA,Pendente
Cultura Nerd 23,@culturanerd23,YouTube,≈10K–50K,rogerfg8@gmail.com,"Anime, Boruto, Naruto e cultura nerd","Oferecer Illusion Fight como universo nacional para público de ação, ninjas, poderes e batalhas.",WEBTOON/MANGA,Pendente
Play21,@Play21,YouTube,≈100K+,comercialplay21@gmail.com,"Anime, Boruto, Naruto e conteúdo otaku",Pitchar webtoon e livros como nova obra de ação gratuita para audiência de anime no Brasil.,WEBTOON/MANGA,Pendente
Miguel Loki,@MiguelLoki,YouTube,≈100K+,contatomiguellokia@gmail.com,"Mangá, anime e cultura otaku","Propor primeira impressão do webtoon/livros com foco em ação, mistério e universo gratuito.",WEBTOON/MANGA,Pendente
Nanda Tavassi,@NandaTavassi,YouTube,≈100K+,nandatavassi@gmail.com,"Anime, mangá e cultura pop japonesa",Sugerir pauta de obra nacional inspirada em anime com trilha sonora autoral e RPG tático gratuito.,WEBTOON/MANGA,Pendente
LeeGengar,@LeeGengar,YouTube,≈100K+,leegengar@gmail.com,"Pokémon, anime, mangá e games","Abordar pela conexão anime + RPG tático + universo seriado, com potencial para público jovem nerd.",WEBTOON/MANGA,Pendente
Canal FAR,@CanalFAR,YouTube,≈100K+,contatocomercialfar@gmail.com,"Anime, Pokémon, HQ/mangá e cultura geek",Pitchar Illusion Fight como IP nacional gratuita com arte anime e narrativa serializada.,WEBTOON/MANGA,Pendente
Papo Nerd,@paponerd011,Instagram / YouTube,≈10K–50K,paponerd011@gmail.com,"Anime, Naruto, cultura nerd e TV","Enviar gancho de obra brasileira de ação para público de anime, com links gratuitos e trilha original.",WEBTOON/MANGA,Pendente
Portal Indie Game,@portalindiegame,Site / Facebook,≈1K–10K,contato@indiegame.com.br,"Jogos independentes, devs brasileiros e cena indie",Enviar press release do RPG tático gratuito como jogo indie brasileiro com universo transmídia.,GAMES,Pendente
Drops de Jogos,@dropsdejogos,Site / Portal Uai,≈10K–50K,dropsdejogos@gmail.com,"Games, indies, cultura lúdica e tecnologia","Oferecer pauta sobre Illusion Fight como IP brasileira gratuita unindo jogo tático, ficção, webtoon e música.",GAMES,Pendente
GameBlast,@GameBlast,Site / Podcast,≈100K+,contato@gameblast.com.br,"Games multiplataforma, colunas, análises e cultura gamer","Enviar release do RPG tático gratuito e destacar a integração com 36 trilhas, livros e webtoon.",GAMES,Pendente
BlastCast,@GameBlast,Podcast / Site,≈100K+ rede Blast,blastcast@gameblast.com.br,Podcast brasileiro de games,Sugerir pauta de universo indie brasileiro com jogo tático e narrativa seriada gratuita.,GAMES,Pendente
Combo Infinito,@comboinfinito,Site / YouTube / Twitch,≈500K+,contato@comboinfinito.com.br,"Games, cultura pop, fighting games e entretenimento","Enviar release com foco em combate tático, ação e universo gratuito para cobertura em site/canal.",GAMES,Pendente
Flow Games,@flowgames,Site / YouTube / Podcast,≈1M+ ecossistema Flow,comercial@goldenpill.com.br,"Games, cultura pop, esports e podcasts",Abordar como projeto brasileiro gratuito de jogo tático com narrativa transmídia e potencial de entrevista.,GAMES,Pendente
MeuPS,@MeuPlayStation,Site / Redes sociais,≈3M+ nas redes,redacao@meups.com.br,"Games, PlayStation e cultura gamer","Enviar apenas se houver build/plataforma adequada; destacar RPG tático, trilha original e narrativa de ação.",GAMES,Pendente
Pão de Mel Joga,@paodemeljoga,YouTube / Twitch,≈1K–10K,lucspdm2001@gmail.com,"Indies, descobertas e jogos fora do mainstream",Oferecer chave/link gratuito para first look do RPG tático e mostrar o gancho dos livros/webtoon.,GAMES,Pendente
Beljogos,@Beljogos,YouTube,≈1K–10K,grupobeljogos@gmail.com,"Jogos brasileiros, indies e entrevistas com devs",Propor pauta sobre Illusion Fight como projeto nacional gratuito de RPG tático e universo de ação.,GAMES,Pendente
LeveelGG,@LeveelGG,Comunidade / X / Instagram,≈1K–10K,contato@leveelgg.com.br,"Streamers, jogos indies brasileiros e comunidade gamer",Sugerir campanha com streamers pequenos para testar o RPG e divulgar o universo gratuito.,GAMES,Pendente
WarpZone,@warpzone,Site / Editora / YouTube,≈50K+,contato@warpzone.me,"Games retrô, cultura gamer, livros e revistas","Abordar pela mistura de RPG tático, trilha original e construção de universo como material editorial.",GAMES,Pendente
Game Audio Academy,@gameaudioacademy,Site / YouTube / Comunidade,≈1K–10K,contato@gameaudio.academy,"Áudio dinâmico, trilhas sonoras e música para games",Lead com as 36 trilhas originais e como a música sustenta o RPG tático e a narrativa.,GAMES,Pendente
Nitrocast / Newton Nitro,@newtonnitro,Podcast / Blog / YouTube,≈1K–10K,prof.newtonrocha@gmail.com,"RPG de mesa, fantasia sombria, dicas de RPG e sessões gravadas","Propor conversa sobre sistemas táticos, lore, facções e uso de trilha sonora em narrativas de RPG.",GAMES,Pendente
Savagecast RPG,@savagecast,Podcast / Spotify,≈1K–10K,contatosavagecast@gmail.com,"RPG solo, cultura RPG e comunidade brasileira",Apresentar Illusion Fight como universo gratuito com potencial para adaptação/mesa e combate tático.,GAMES,Pendente
RPG de Segunda,@rpgdesegunda,Podcast,≈1K–10K,rpgdesegunda01@gmail.com,"RPG de mesa, entrevistas e cultura RPG",Sugerir pauta sobre universo de ação com sistema tático e material narrativo gratuito para jogadores.,GAMES,Pendente
Roll Cast RPG,@RollCastRPG,Podcast / Áudio drama,≈1K–10K,rollcastrpg@gmail.com,Áudio drama de RPG e narrativa sonorizada,Lead com trilha original e narrativa seriada para um universo de ação que pode render conversa sobre audio drama/RPG.,GAMES,Pendente
Fantasticursos,@fantasticursos,YouTube / Cursos / Comunidade,≈10K–50K,fantasticursos@gmail.com,"Fantasia, horror, ficção científica e escrita especulativa",Pitchar Illusion Fight como exemplo brasileiro de universo fantástico gratuito com múltiplas mídias.,BOOKS,Pendente
Me Acabei de Ler,@meacabeideler,YouTube / Instagram,≈10K–50K,meacabeideler@gmail.com,"BookTube, fantasia, ficção científica e quadrinhos",Enviar os livros como série gratuita de ação/SFF com webtoon e trilha como bônus para leitores.,BOOKS,Pendente
Kabook,@kabooktv,Instagram / YouTube,≈10K–50K,kabooktv@gmail.com,"Bookstagram, literatura e cultura pop","Abordar pela leitura acessível e gratuita, com universo visual e musical para engajar leitores jovens.",BOOKS,Pendente
Nossas Leituras,@NossasLeituras,BookTube / Bookstagram / X,≈1K–10K,contato.nossasleituras@gmail.com,Booktuber/bookstagram brasileira,Enviar como série de fantasia/ficção científica gratuita com leitura digital fácil e proposta transmídia.,BOOKS,Pendente
Nuvem Literária,@nuvemliteraria,YouTube / Instagram / Blog,≈100K+,contato@nuvemliteraria.com,"BookTube, literatura YA, fantasia e clubes de leitura",Pitchar a série de livros como porta de entrada gratuita para um universo de ação com webtoon e OST.,BOOKS,Pendente
Literature-se,@blogliteraturese,YouTube / Instagram / Clube,≈199K YouTube,contato@literaturese.com,"BookTube, literatura, clubes e formação de leitores","Enviar abordagem literária: narrativa seriada gratuita, construção de mundo e relação com quadrinhos/games.",BOOKS,Pendente
Cabine Literária,@cabineliteraria,YouTube / Blog,≈100K+,contato@cabineliteraria.com.br,"Literatura, cultura pop e entrevistas","Propor entrevista/nota sobre universo brasileiro gratuito de ação com livro, webtoon, RPG e trilha.",BOOKS,Pendente
Curta Ficção,@curtaficcao,Podcast / Site,≈1K–10K,thiagolee@gmail.com,"Podcast de escrita, fantasia e ficção científica","Sugerir conversa sobre construção de universo, serialização e narrativa transmídia no Brasil.",BOOKS,Pendente
Worldbuilding para Todos,@worldbuildingparatodos,Site / Podcast / Cursos,≈1K–10K,worldbuildingparatodos@gmail.com,"Worldbuilding, conlang, sistemas mágicos e criação de mundos","Pitch perfeito para discutir facções, regras do universo, escalas de poder e narrativa transmídia.",BOOKS,Pendente
Revista Mafagafo,@mafagaforevista,Revista / Newsletter / Instagram,≈1K–10K,mafagafochefe@mafagaforevista.com.br,"Fantasia, ficção científica e ficção especulativa brasileira","Abordar como projeto de ficção especulativa nacional gratuito com expansão para webtoon, game e trilha.",BOOKS,Pendente
Pausa Para um Café,@pausaparaumcafe,YouTube / Blog / Podcast,≈10K–50K,contato@pausaparaumcafe.com.br,"Literatura, cultura pop, booktube e podcasts","Propor pauta de leitura/transmídia: uma série gratuita que também tem webtoon, RPG e 36 músicas.",BOOKS,Pendente
Editora Fantastic Hub,@fantastichub,Editora / Comunidade,≈1K–10K,fantastichubprojetos@gmail.com,"Fantasia, ficção científica e horror cósmico",Contato para parceria/divulgação cruzada com público de literatura fantástica nacional.,BOOKS,Pendente
Jovem Nerd,@jovemnerd,Site / Podcast / YouTube,≈5M+ nas redes,comercial@jovemnerd.com.br,"Cultura nerd, podcasts, games, livros, HQs e entretenimento","Pitchar como universo brasileiro gratuito com potencial para pauta de criatividade, worldbuilding e cultura pop.",PRESS,Pendente
NerdBunker,@nerdbunker,Site / Redes sociais,≈5M+ ecossistema Jovem Nerd,comercial@jovemnerd.com.br,"Notícias de cultura pop, filmes, games, quadrinhos e animes","Enviar release curto com imagens, trailer, links gratuitos e destaque para a trilha de 36 faixas.",PRESS,Pendente
Omelete,@omelete,Site / YouTube / Redes sociais,≈10M+ nas redes,comercial@omelete.com.br,"Cultura pop, cinema, séries, animes, games, HQs e música",Abordar como lançamento de IP nacional gratuito com quatro frentes de consumo e estética anime.,PRESS,Pendente
The Enemy Brasil,@theenemybr,Site / YouTube / Redes sociais,≈1M+ nas redes,comercial@omelete.com.br,Games e cultura pop do grupo Omelete,Focar no RPG tático gratuito e no aspecto indie brasileiro com narrativa e trilha autoral.,PRESS,Pendente
Legião dos Heróis,@LegiaoDosHerois,Site / Redes sociais,≈1M+ nas redes,contato@legiaodosherois.com.br,"Super-heróis, cultura pop, animes, filmes e quadrinhos","Pitchar Illusion Fight como universo de ação brasileiro gratuito com facções, poderes e personagens fortes.",PRESS,Pendente
Chippu,@chippuoficial,Site / Redes sociais,≈100K+,contato@chippu.com.br,"Cinema, séries, cultura pop, animes e entretenimento",Enviar release com gancho de cultura pop nacional e acesso gratuito para experimentar todas as mídias.,PRESS,Pendente
Hype Play,@hypeplay,Site / Redes sociais,≈10K+,info@hypeplay.com.br,"Games, anime, cinema, tecnologia e cultura geek",Pitchar Illusion Fight como universo gratuito para cobertura de anime + games + cultura pop.,PRESS,Pendente
Universo HQ,@universohq,Site / Podcast,≈50K+,contato@universohq.com,"Quadrinhos, HQs, webcomics, ilustração e cultura pop","Enviar release do webtoon e destacar que é quadrinho digital gratuito com expansão para livros, RPG e OST.",PRESS,Pendente
Poltrona Nerd,@poltronanerd,Site / Redes sociais,≈50K+,contato@poltronanerd.com.br,"Cinema, séries, cultura pop, games e eventos","Enviar nota de lançamento destacando ação, trilha sonora e formato gratuito multiplataforma.",PRESS,Pendente
Cinema com Rapadura,@rapadura,Site / Podcast / YouTube,≈100K+,faleconosco@cinemacomrapadura.com.br,"Cinema, séries, cultura pop e podcasts","Pitchar pelo ângulo de storytelling, universo original e trilha sonora como projeto transmídia nacional.",PRESS,Pendente
Marcha Nerd,@marchanerd,Evento / Bloco / Cultura geek,≈1K–10K,contato@marchanerd.com,"Cultura nerd, eventos, música e fandom",Abordar como ação de cultura nerd nacional com potencial para divulgação comunitária e música/fanbase.,PRESS,Pendente
Pod Falar de Webtoon,@falardewebtoon,Podcast / Site,—,falardewebtoon@gmail.com,Podcast brasileiro 100% dedicado a webtoon,Fit perfeito — pitch Illusion Fight como webtoon de ação brasileiro gratuito,WEBTOON/MANGA,Pendente
Mattz Manhwa,@MattzManhwa,YouTube,—,emiteluz@gmail.com,"Manhwa, mangá, webtoon e novels em PT-BR",E-mail direto confirmado — pitch webtoon de ação gratuito em português,WEBTOON/MANGA,Pendente
Felipe Fel Gomes,@felcomenta,YouTube,≈12.500,fel@rpgnaweb.com.br,RPG Tático,"Olá! Estamos lançando Illusion Fight, um RPG tático gratuito com grid hexagonal e sistema de ação. Seu canal é referência para nós e gostaríamos de enviar uma chave antecipada para gameplay.",GAMES,Pendente
Canal TáticaBR,@taticabr,YouTube,≈8.200,contato@taticabr.com.br,Jogos de Estratégia,A Illusion Fight é um RPG tático com 36 músicas e grid hexagonal. Achamos que seu público amaria o sistema de ações e a lore gratuita disponível.,GAMES,Pendente
Podcast Rola Dados,@roladados,Spotify,≈5.700,roladados@podcast.com,RPG de Mesa,"Queremos convidar vocês para uma sessão especial de Illusion Fight, o RPG tático com universo em webtoon e livro. O jogo é todo gratuito em illusionfight.com.",GAMES,Pendente
Taticando Games,@taticandogames,Twitch,≈4.300,contato@taticando.com,Jogos Táticos,"Vamos lançar Illusion Fight, um RPG tático em grid com sistema de ação. Sua comunidade de estratégia é perfeita para testar o jogo. Podemos enviar material exclusivo.",GAMES,Pendente
RPG Next Level,@rpgnextlevel,YouTube,≈6.800,nextlevel@rpgnext.com.br,RPG Tático,"Estamos divulgando Illusion Fight, que combina RPG tático com webtoon e trilha sonora. Seria incrível ter sua análise detalhada sobre as mecânicas de hexágono.",GAMES,Pendente
WebtoonBR Oficial,@webtoonbr,YouTube,≈15.000,contato@webtoonbr.com.br,Webtoon,"Illusion Fight é um universo de ação em webtoon, com arte dinâmica e história envolvente. A série é gratuita e queremos apresentar a você para possível resenha.",WEBTOON/MANGA,Pendente
Manhwa Recs,@manhwarecs,Instagram,≈18.200,manhwarecs@outlook.com,Manhwa,O webtoon de Illusion Fight traz uma narrativa de luta e estratégia. Gostaríamos de saber se você faria um vídeo ou post destacando a arte e a história.,WEBTOON/MANGA,Pendente
Manga do Dia,@mangadodia,YouTube,≈9.500,contato@mangadodia.com,Mangá,O webtoon de Illusion Fight é uma aventura épica gratuita. Seria um prazer ver seu canal comentando sobre o universo e a conexão com o RPG e a trilha sonora.,WEBTOON/MANGA,Pendente
Leituras Geek,@leiturasgeek,Blog,≈7.800,leiturasgeek@gmail.com,Webcomics,"Seu blog é referência para fãs de webcomics. Queremos divulgar Illusion Fight, um webtoon de ação gratuito. Podemos enviar material com artes exclusivas.",WEBTOON/MANGA,Pendente
Quadrinhos Independentes,@quadrinhosind,YouTube,≈6.200,contato@quadrinhosind.com,Quadrinhos Indie,Illusion Fight é um webtoon independente com universo expansivo. Seria ótimo ter sua opinião sobre o traço e a narrativa em seu canal.,WEBTOON/MANGA,Pendente
Trilha Sonora Geek,@trilhasgeek,Podcast,≈4.600,trilhasgeek@gmail.com,Música de Jogos,"Illusion Fight tem uma trilha sonora com 36 faixas, composta especialmente para o universo de ação. Queremos convidar vocês para ouvir e comentar no podcast.",PRESS,Pendente
Anime Sounds BR,@animesounds,YouTube,≈11.000,animesounds@protonmail.com,Música de Anime,A soundtrack de Illusion Fight tem influências de anime e jogos. Gostaríamos de enviar o álbum completo para vocês avaliarem no canal.,PRESS,Pendente
Podcast RPG Brasil,@podcastrpgbr,Spotify,≈13.500,contato@podcastrpgbr.com,Cultura RPG,Illusion Fight é um RPG tático com universo em webtoon. Seu podcast seria o lugar perfeito para discutir o sistema de ação e a narrativa.,GAMES,Pendente
Dados & Histórias,@dadoshistorias,YouTube,≈5.100,contato@dadoshistorias.com,TTRPG,"Estamos criando conteúdo para Illusion Fight, um jogo de grid hexagonal. Gostaríamos de mostrar o sistema em uma live no seu canal.",GAMES,Pendente
Fantasia & Ficção,@fantasiaeficcao,Blog,≈8.900,contato@fantasiaef.com,Livros Fantasia,O livro de Illusion Fight é uma fantasia épica gratuita. Queremos que você faça uma resenha sobre a história e o mundo criado.,BOOKS,Pendente
Leituras de Fantasia,@leiturasfantasia,YouTube,≈7.200,leiturasfantasia@gmail.com,Livros SFF,Illusion Fight é mais que um RPG; é uma série de livros com universo rico. Seria uma honra ter sua resenha sobre a obra.,BOOKS,Pendente
Newsletter Indie Games,@indiegamesbr,Newsletter,≈9.000,indiegamesbr@protonmail.com,Jogos Indie,Illusion Fight é um jogo tático gratuito que combina webtoon e música. Queremos incluir o lançamento na sua newsletter para assinantes.,GAMES,Pendente
Indie Game Discovery,@indiediscovery,Twitter,≈10.500,indiediscovery@gmail.com,Descoberta de Jogos,A Illusion Fight é uma experiência gratuita inovadora. Achamos que seus seguidores adorariam conhecer o jogo. Podemos enviar material para divulgação.,GAMES,Pendente
Design de Games BR,@designgamesbr,Podcast,≈4.800,designgamesbr@outlook.com,Design Narrativo,O sistema de ação de Illusion Fight foi projetado para integração com a história. Adoraríamos discutir o design narrativo com vocês no podcast.,GAMES,Pendente
Cosplay & Arte,@cosplayarte,Instagram,≈14.000,cosplayarte@gmail.com,Cosplay,Os personagens de Illusion Fight têm visuais incríveis. Gostaríamos de ver sua interpretação em cosplay e divulgar em nossas redes.,PRESS,Pendente
Pipoca & Nanquim,@pipocaenanquim,YouTube / Site,≈1.5M,contato@pipocaenanquim.com.br,"Quadrinhos, cultura pop, webtoon",Apresentar o webtoon de ação gratuito como projeto nacional transmídia com RPG e trilha sonora.,PRESS,Pendente
Leitor Cabuloso,@leitorcabuloso,YouTube / Instagram,≈50K-100K,leitorcabuloso@gmail.com,"BookTube, fantasia, literatura",Oferecer os livros gratuitos da série de ação/ficção especulativa com universo visual e musical.,BOOKS,Pendente
Portal RPG,@portalrpg,Site / Redes sociais,≈10K-50K,contato@portalrpg.com.br,"RPG de mesa, cultura RPG","Pitchar Illusion Fight como universo gratuito com RPG tático, lore e narrativa original.",GAMES,Pendente
Jogabilidade,@jogabilidade,Site / Podcast / YouTube,≈8.8K IG / ≈7.3K FB,contato@jogabilida.de,Crítica e podcasts de videogames,"Apresentar o jogo pelo lado de design tático, narrativa seriada e como universo gratuito para discussão em podcast.",GAMES,Pendente
Orquestra Pop,@orquestrapop,YouTube / Site / Concertos,≈10K-50K,contato@orquestrapop.com.br,"Música de games e animes, orquestra",Lead com as 36 trilhas originais como parte de um universo de ação brasileiro gratuito.,PRESS,Pendente
Cosplay Brasil,@cosplaybrasil,Site / Redes sociais,≈10K-50K,contato@cosplaybrasil.com.br,"Cosplay, cultura nerd, arte",Abordar pelo design visual dos personagens e facções como inspiração para cosplayers e artistas.,PRESS,Pendente
Canal Nautilus,@canalnautilus,YouTube,≈200K,contato@canalnautilus.com.br,"RPG tático, estratégia, indies",Pitchar o RPG tático gratuito e o universo transmídia para audiência de táticos e indies.,GAMES,Pendente
Garota Webtoon,@garotawebtoon,YouTube,≈50K,garotawebtoon@gmail.com,"Webtoon, manhwa, mangá",Enviar o webtoon de ação brasileiro gratuito para análise e divulgação no canal.,WEBTOON/MANGA,Pendente
Taverna do Mestre,@tavernadomestre,YouTube,≈10K-50K,tavernadomestre@gmail.com,"RPG de mesa, dicas, cultura RPG",Sugerir Illusion Fight como cenário de ação gratuito com sistema tático e material narrativo.,GAMES,Pendente
Nautilus,@nautiluslink,YouTube / Podcast / Twitch,≈9.8K Threads,nautiluslink@gmail.com,"Crítica, ensaios e podcasts de videogames","Pitchar Illusion Fight como RPG tático gratuito com universo narrativo, webtoon, livros e OST para uma análise crítica de sistemas e narrativa.",GAMES,Pendente
Overloadr,@overloadr,Site / Podcast,—,contato@overloadr.com.br,Jornalismo e crítica de games,"Sugerir pauta sobre RPG tático gratuito brasileiro com webtoon, livros e trilha autoral como projeto transmídia independente.",GAMES,Pendente
SrKiqs,@SrKiqs,YouTube / Twitch / TikTok,—,srkiqs.live@gmail.com,"Gameplay de jogos indie, RPGs e táticos","Oferecer o RPG tático hex-grid gratuito para primeiras impressões, lives e cortes com foco em combate e progressão.",GAMES,Pendente
Sidão do Game,@sidaodogame,YouTube / X / Instagram,≈2.7M YouTube,contato@sidaodogame.com.br,"Gameplay, notícias e reviews de games","Enviar pitch de jogo gratuito com apelo visual de anime, combate tático e trilha original para vídeo de descoberta gamer.",GAMES,Pendente
Nico,@NicoCanalNico,YouTube / Instagram,≈32.4K YouTube,nicocanal.contato@gmail.com,"Reviews, jogos clássicos e lançamentos",Apresentar Illusion Fight como RPG tático com leitura retrô/estratégica e universo completo gratuito em português.,GAMES,Pendente
The Gamer Inside Brasil,@TheGamerInsideBrasil,YouTube / Facebook / Instagram,—,thegamerinsidebrasil@gmail.com,Indústria nacional e jogos brasileiros,"Propor destaque em notícias de jogos nacionais: RPG tático gratuito conectado a webtoon, livros e OST.",GAMES,Pendente
Thainá JRPG,@thainajrpg,Criadora / Conteúdo RPG-JRPG,—,thainajrpg@gmail.com,"JRPGs, RPGs e cultura gamer","Abordar o jogo como RPG tático com DNA de JRPG/anime, combate por turnos e acesso gratuito em PT-BR.",GAMES,Pendente
Player Pablo,@player_pablo,Site / YouTube,—,playerpablobr@gmail.com,Notícias e gameplay de games,"Enviar release do RPG tático gratuito com foco em ação, narrativa e trilha para cobertura de games nacionais.",GAMES,Pendente
Final Faqs Games Magazine,@FinalFaqs,Site,—,press@finalfaqs.com.br,"Notícias, guias e jogos indie",Enviar release com foco em RPG por turnos/tático grátis e guia de entrada no universo Illusion Fight.,PRESS,Pendente
Gamerscore Brasil,@gamerscorebr,Site / X,—,contato@gamerscore.com.br,"Análises, notícias e opinião sobre games","Pautar o projeto como lançamento indie gratuito com estratégia em turnos, narrativa seriada e trilha original.",PRESS,Pendente
PSX Brasil,@ps3brasil,Site / X / Facebook,≈94K FB,contato@ps3brasil.com,"Notícias, análises e guias PlayStation",Pitch como RPG tático gratuito com narrativa de ação e OST para público de RPG e jogos anime-adjacent.,PRESS,Pendente
Revista Arkade,@RevistaArkade,Site / Revista digital,—,contato@arkade.com.br,"Games, tecnologia e cultura pop","Pauta de projeto brasileiro gratuito e transmídia, com ênfase no RPG tático, webtoon e trilha original.",PRESS,Pendente
Xbox Power,@XboxPowerBrasil,Site / Facebook,—,contato@xboxpower.com.br,Notícias e análises Xbox,"Enviar release do RPG tático gratuito destacando combate por turnos, universo de ação e assets de imprensa.",PRESS,Pendente
NerdX Oficial,@nerdxoficial,Site,—,contato@nerdxoficial.com.br,"Cultura nerd, games e anime","Pauta cruzada: webtoon, RPG tático, livros e trilha como IP nerd brasileira gratuita.",PRESS,Pendente
Conversa de Mangá Podcast,@cdmcast,Podcast / Instagram / Apple Podcasts,—,podcast.cdm@gmail.com,"Mangá, anime e leituras",Propor episódio ou nota sobre webtoon brasileiro gratuito com estrutura shonen e universo expandido.,WEBTOON/MANGA,Pendente
Kitsune da Semana,@leokitsune,Podcast / Bluesky / Instagram,≈12K IG,leokitsune@gmail.com,"Anime, mangá e HQ","Pitchar análise de webtoon/mangá BR com adaptações em livro, jogo tático e OST.",WEBTOON/MANGA,Pendente
Hora Manhwa,@HoraManhwa,YouTube,≈191K YouTube,contatohoramanhwa@gmail.com,Recaps e recomendações de manhwa,"Oferecer Illusion Fight como webtoon de ação gratuito para recomendação, recap ou primeiras impressões.",WEBTOON/MANGA,Pendente
Guto Nunes,@gutonu,YouTube / Twitch / Instagram,≈3.2K IG,contatogutonu@gmail.com,"Anime, mangá, webtoon e novidades",Apresentar o webtoon como obra BR gratuita com estética anime e pacote transmídia.,WEBTOON/MANGA,Pendente
Solo2,@Solo2,YouTube,—,solo2contato@gmail.com,Manhwa recap e ação,Enviar pitch de webtoon de ação com capítulos gratuitos e gancho para recaps em português.,WEBTOON/MANGA,Pendente
Mais de Oito Mil,@maisdeoitomil,Blog / X,—,maisdeoitomil@gmail.com,"Anime, mangá e cultura japonesa","Sugerir pauta crítica sobre obra nacional anime-inspired em formato webtoon, livro, RPG e trilha.",WEBTOON/MANGA,Pendente
K2B Webtoon,@k2bwebtoon,YouTube / Webtoon / Concurso,—,k2bwebtoon@gmail.com,"Webtoon, ilustração e criadores","Propor Illusion Fight como case de webtoon brasileiro gratuito expandido para jogo, livros e trilha.",WEBTOON/MANGA,Pendente
Pérolas do RPG,@perolasdorpg,YouTube / Podcast,—,perolasdorpg@gmail.com,"RPG de mesa, humor e cultura RPG","Oferecer o universo, facções e OST como material de inspiração para mesas e vídeos de RPG.",GAMES,Pendente
Nilbog Quest,@nilbogquest,Podcast / Facebook,—,nilbogquest@gmail.com,Actual play e one-shots de RPG,Pitch de cenário e facções de Illusion Fight como gancho para one-shot ou pauta de RPG.,GAMES,Pendente
Mestre dos Dados,@mestredosdados,Podcast / Instagram,—,mestredosdadospodcast@gmail.com,Dicas de mestre e RPG de mesa,"Enviar proposta sobre combate tático, monstros e estrutura de encontro inspirada no RPG hex-grid.",GAMES,Pendente
RPGuaxa,@RPGuaxa,Podcast / Portal Deviante,—,rpguaxa@gmail.com,Actual play e RPG narrativo,"Sugerir Illusion Fight como universo gratuito com lore, trilha e conflitos para pauta ou one-shot.",GAMES,Pendente
Lançando Dados,@lancandodados,Podcast / Streaming / Site,—,lancandodados@gmail.com,Comunidade e streaming de RPG,"Propor divulgação como recurso gratuito de mundo, trilha e personagens para RPGistas.",GAMES,Pendente
Caquitas Podcast,@caquitaspodcast,Podcast / Bluesky,—,caquitaspodcast@gmail.com,RPG de mesa e cultura RPG,"Pautar um bate-papo sobre criação de universo, facções e adaptação de combate tático.",GAMES,Pendente
Café com Dungeon / Regra da Casa,@regradacasa,Podcast / Facebook,—,regradacasa@gmail.com,"RPG old school, dungeon e design",Pitchar Illusion Fight como worldbuilding gratuito com conflitos táticos e trilha para mesas.,GAMES,Pendente
Rotina de Mestre,@rotinademestre,YouTube / Podcast / Instagram,—,contato.caiobonfalari@gmail.com,RPG de mesa e dicas para mestres,"Apresentar o universo como material gratuito para encontros, campanhas e adaptação de poderes.",GAMES,Pendente
Zine Brasil,@zinebrasil,Site / Blog / YouTube,≈8.7K assinantes,zinebrasil@gmail.com,Quadrinhos nacionais e super-heróis brasileiros,Enviar o webtoon como HQ nacional digital gratuita com IP transmídia e apelo de ação.,PRESS,Pendente
Papo de Quadrinho,@papodequadrinho,Site / Podcast / Facebook,≈4K FB,papodequadrinho@gmail.com,Jornalismo e podcast de HQs,"Pauta de quadrinho/webtoon independente brasileiro com jogo, livros e trilha gratuitos.",PRESS,Pendente
2quadrinhos,@2quadrinhos,YouTube,≈114K YouTube,lupuszin@gmail.com,"Quadrinhos, mangás e notícias de HQ","Pitch de webtoon/HQ digital brasileira para comentário, notícia ou review.",WEBTOON/MANGA,Pendente
Gibizilla,@gibizilla,Site / Podcast / Facebook,—,gibizilla@gmail.com,"HQs, mangás e cultura pop",Propor resenha do webtoon e do pacote transmídia gratuito para leitores de HQ e mangá.,PRESS,Pendente
Café Cartum,@cafecartumpodcast,Podcast / YouTube,—,cafecartumpodcast@gmail.com,"Cartum, quadrinhos e entrevistas",Oferecer entrevista ou pauta sobre criação de webtoon nacional com RPG tático e OST.,PRESS,Pendente
Charles HQs,@CharlesHQs,YouTube / Facebook,—,charleshqs@gmail.com,Recomendações e reviews de quadrinhos,Enviar Illusion Fight como HQ/webtoon digital gratuito com estética anime e ação.,WEBTOON/MANGA,Pendente
Mapeando Livros,@mapeandolivros,Site / Blog literário,—,papoleitora@gmail.com,"Resenhas de livros, fantasia e suspense","Pitch da série de livros gratuita como fantasia/ação com webtoon, RPG e OST de apoio.",BOOKS,Pendente
Resenhas à la Carte,@resenhasalacarte,Blog literário / Instagram,—,resenhasalacarte@gmail.com,Resenhas literárias e entrevistas,Enviar a série como leitura gratuita de fantasia/ficção especulativa com visual e trilha.,BOOKS,Pendente
Patas e Livros,@pataselivros,Bookstagram / Eventos literários,—,pataselivross@gmail.com,"Fantasia, nacionais, romance e suspense","Propor leitura nacional gratuita com foco em ação, fantasia e universo expandido.",BOOKS,Pendente
Share Leituras,@shareleituras,Bookstagram,≈21K IG,shareleituras@gmail.com,"Romances, fantasias e resenhas",Pitchar a série como fantasia de ação gratuita com webtoon como porta de entrada visual.,BOOKS,Pendente
Revista Tricerata / Editora Cyberus,@editoracyberus,Revista digital / Editora,—,editoracyberus@gmail.com,"Fantasia, ficção científica e horror","Sugerir pauta sobre universo SFF brasileiro gratuito com livros, webtoon, RPG e OST.",BOOKS,Pendente
Mundo RPG Maker,@mundorpgmaker,Site / Fórum,≈10K-50K,contato@mundorpgmaker.com.br,"Jogos indies, RPG Maker, comunidade de desenvolvimento",Apresentar o RPG tático gratuito para uma comunidade de criadores de jogos brasileiros,GAMES,Pendente
Boletim Nerd,@boletimnerd,Site / Podcast,≈10K,contato@boletimnerd.com,"Quadrinhos, cultura nerd",Enviar o webtoon de ação e destacar a possibilidade de entrevista sobre criação de universo brasileiro,PRESS,Pendente
Mais QI Nerds,@maisqinerds,Podcast / Site,≈1K-10K,maisqinerds@gmail.com,"Cultura nerd, podcasts, RPG","Propor pauta sobre RPG tático, narrativa e universo gratuito para o público nerd",PRESS,Pendente
Taverna Geek,@tavernageek,Podcast / Blog,≈1K-10K,contato@tavernageek.com.br,"Cultura geek, RPG, livros","Abordar Illusion Fight como projeto transmídia nacional com livro, webtoon, game e trilha",PRESS,Pendente
Próximo Jogo,@proximojogo,Podcast / Site,≈1K-10K,contato@proximojogo.com.br,"Games, indies, cultura gamer",Oferecer o RPG tático gratuito como pauta para descoberta de jogos brasileiros,GAMES,Pendente
Vortex Cultural,@vortexcultural,Site / YouTube,≈100K,contato@vortexcultural.com.br,"Cultura pop, cinema, games, HQs",Enviar release completo com imagens e links do universo gratuito de ação,PRESS,Pendente
Delirium Nerd,@deliriumnerd,Site / Redes sociais,≈50K,contato@deliriumnerd.com.br,"Cultura pop, cinema, animes",Pitchar Illusion Fight como IP brasileira gratuita com estética anime e múltiplas mídias,PRESS,Pendente
Nerdices,@nerdices,Site / Podcast,≈10K,contato@nerdices.com.br,"Cultura nerd, quadrinhos, games",Abordar o webtoon e o RPG tático como novidades do universo independente nacional,PRESS,Pendente
Nerd Nation,@nerdnation,Site / Redes sociais,≈10K-50K,contato@nerdnation.com.br,"Cultura pop, entretenimento",Propor matéria sobre o lançamento transmídia gratuito de ação e fantasia,PRESS,Pendente
Raio Laser,@raiolaser,Site,≈10K,contato@raiolaser.com.br,"Quadrinhos, webcomics, ilustração",Enviar o webtoon gratuito e destacar a obra como quadrinho digital brasileiro de ação,WEBTOON/MANGA,Pendente
Gambiarra Board Games,@gambiarraboardgames,YouTube / Podcast,≈1K-10K,gambiarraboardgames@gmail.com,"RPG de mesa, board games, cultura lúdica",Sugerir Illusion Fight como cenário com potencial para adaptação e RPG tático gratuito,GAMES,Pendente
Jogos e Tal,@jogosetal,YouTube,≈1K-10K,jogosetal@gmail.com,"Games indies, análises",Apresentar o jogo tático brasileiro gratuito e sua integração narrativa,GAMES,Pendente
Livros & Fuxicos,@livrosefuxicos,YouTube / Instagram,≈10K-50K,livrosefuxicos@gmail.com,"BookTube, literatura, cultura pop",Pitchar os livros gratuitos como série de ação com trilha sonora e universo visual,BOOKS,Pendente
Nerd Literário,@nerdliterario,YouTube / Blog,≈1K-10K,contato@nerdliterario.com.br,"Literatura, fantasia, ficção científica",Oferecer a série de livros gratuita e o worldbuilding do universo Illusion Fight,BOOKS,Pendente
Coletivo Leitor,@coletivoleitor,YouTube / Instagram,≈10K-50K,coletivoleitor@gmail.com,"Bookstagram, literatura, cultura pop",Enviar os livros gratuitos como indicação para leitores de ação e fantasia,BOOKS,Pendente
Almanaque Literário,@almanaquelliterario,Site / Instagram,≈1K-10K,contato@almanaquelliterario.com.br,"Literatura especulativa, fantasia",Abordar Illusion Fight como ficção especulativa brasileira gratuita com expansão transmídia,BOOKS,Pendente
Cinemascope BR,@cinemascopebr,Site / YouTube,≈50K,contato@cinemascopebr.com.br,"Cinema, séries, cultura pop",Pitchar pelo lado narrativo: universo seriado gratuito com trilha e visual de anime,PRESS,Pendente
Total Anime,@totalanimebr,Site / Redes sociais,≈50K,contato@totalanime.com.br,"Anime, mangá, cultura otaku",Enviar o webtoon e livros como obra brasileira de ação inspirada em shonen,WEBTOON/MANGA,Pendente
Critical Hits,@criticalhitsbr,Site / Podcast,≈50K,contato@criticalhits.com.br,"RPG, cultura nerd, games",Pitchar o RPG tático gratuito e o lore do universo para o público de RPG digital e mesa,GAMES,Pendente
Mestre Pedrok,@mestrepedrok,YouTube,≈100K,mestrepedrok@gmail.com,"RPG de mesa, conteúdo nerd, ação",Propor uso do universo Illusion Fight como cenário para one-shots e campanhas com sistema tático,GAMES,Pendente
AzMina Magazine,@azminamagazine,Site / Redes sociais,≈10K,contato@azmina.com.br,"Cultura pop, entretenimento feminino",Abordar Illusion Fight como universo gratuito que dialoga com público amplo e diverso,PRESS,Pendente
Estação Nerd,@estacaonerd,Site / Podcast,≈50K,contato@estacaonerd.com.br,"Cultura pop, cinema, games",Enviar release com ângulo de universo de ação brasileiro e consumo gratuito,PRESS,Pendente
Torre de Vigilância RPG,@torredevigilancia,Podcast / Site,≈1K-10K,contato@torredevigilancia.com,"RPG de mesa, análises, cultura RPG",Lead com o RPG tático e como ele se encaixa em campanhas e worldbuilding,GAMES,Pendente
Mundo K!,@mundokbr,Site / YouTube,≈50K,contato@mundok.com.br,"Anime, mangá, música, cultura pop","Pitchar Illusion Fight como universo gratuito com mangá, jogo e trilha original",WEBTOON/MANGA,Pendente
Anime Pró,@animeprobr,YouTube,≈100K,animeprocontato@gmail.com,"Anime, mangá, cultura otaku",Propor análise do webtoon e dos livros como obra nacional com estética de anime,WEBTOON/MANGA,Pendente
Perdidos no Espaço Nerd,@perdidosnoespaconerd,YouTube / Podcast,≈1K-10K,perdidosnoespaconerd@gmail.com,"RPG, games, cultura nerd",Pauta sobre Illusion Fight como universo de ação gratuito para jogadores e leitores,GAMES,Pendente
Leitura Viciante,@leituraviciante,YouTube,≈10K,leituraviciante@gmail.com,"BookTube, fantasia, literatura jovem",Oferecer a série gratuita como leitura rápida de ação com elementos visuais e trilha,BOOKS,Pendente
Filipe (CONTATO OURO) ⭐,@filipe_contato_ouro,YouTube / Pessoal,—,filiped@gmail.com / filipe@youtube.com,Contato prioritário — influenciador/parceiro estratégico,"CONTATO OURO — prioridade máxima. Abordar pessoalmente com respeito e cuidado. Universo gratuito, múltiplas mídias, potencial de parceria de longo prazo.",PRIORIDADE MÁXIMA,⭐ CONTATO OURO
RPixel,@rpixel,Digital Magazine,8000,redaccion@revistapixel.com,"Geek culture portal with anime, manga and video games sections; Spanish edition","Geek culture portal with anime, manga and video games sections; Spanish edition. Pitch the webtoon and transmedia universe",PRESS,Pendente
O Beholder Cego,@obeholdercego,Podcast / Site (beerholdercego.com.br),N/D,obeholdercego@gmail.com,RPG actual-play / áudio-drama de mesa,"Propor o universo, facções e a trilha de 36 faixas como gancho para uma aventura sonorizada baseada no RPG tático gratuito de Illusion Fight.",GAMES,Pendente
Mesa de RPG,@mesaderpg,Site / Portal (mesaderpg.com.br),N/D,contato@mesaderpg.com.br,"RPG, games e cultura pop","Enviar release do RPG tático em grid hexagonal gratuito, com webtoon, livros e OST, como pauta para o portal.",GAMES,Pendente
Movimento RPG,@movimentorpg,Podcast / Site (movimentorpg.com.br),N/D,contato@movimentorpg.com.br,"RPG de mesa, dicas para mestres","Oferecer o cenário, facções e o sistema de ação de Illusion Fight como material gratuito para mesas e episódios de dicas.",GAMES,Pendente
A Mesa RPG Podcast,@amesarpgpodcastoficial,Podcast / YouTube,N/D,amesarpgpodcast@gmail.com,RPG de mesa narrativo (aventuras na íntegra),"Apresentar o universo de ação gratuito como cenário para uma aventura sonorizada, destacando lore, personagens e trilha original.",GAMES,Pendente
Game Indie Brasil,@gameindiebrasil,Curadoria Steam / Comunidade,N/D,celso.tito@hotmail.com,Curadoria de jogos indie brasileiros no Steam,"Solicitar inclusão do RPG tático gratuito na curadoria de indies nacionais, com link da página na Steam e do universo em illusionfight.com.",GAMES,Pendente
Gamesense (Rede Metagame),@redemetagame,Podcast (Apple / Spotify),N/D,gamesensebr@gmail.com,"Game studies, design e narrativa","Propor pauta sobre design de combate tático em grid e narrativa transmídia (webtoon, livros, OST) de um IP independente brasileiro.",GAMES,Pendente
IndieSide,@indiesidebr,Podcast (Apple / Spotify),N/D,contato.indieside@gmail.com,"Indie games, design e narrativa",Oferecer o RPG tático gratuito para primeiras impressões e uma conversa sobre narrativa e design indie nacional.,GAMES,Pendente
GameCastBrasil,@GamecastBrasil,Podcast / Site (gamecastbrasil.com.br),N/D,contato@gamecastbrasil.com.br,"Games, indies e JRPGs",Pitchar o RPG tático gratuito com DNA de JRPG/anime e trilha de 36 faixas para um bate-papo ou indicação no podcast.,GAMES,Pendente
Game Trends (START UOL),@gametrends,Podcast (START / UOL),N/D,oi.gametrends@gmail.com,Jornalismo e notícias de games,Enviar release curto do lançamento gratuito (RPG tático + webtoon + livros + OST) como nota de descoberta de IP nacional.,PRESS,Pendente
Fliptru,@fliptru,Plataforma de webcomics (fliptru.com.br),N/D,contato@fliptru.com.br,Quadrinhos digitais / webcomics brasileiros,"Propor publicação e divulgação do webtoon de ação gratuito na plataforma, com gancho para RPG, livros e trilha.",WEBTOON/MANGA,Pendente
HQnoBlack,@hqnoblack,Blog / Medium,N/D,hqnoblack@gmail.com,Análise de quadrinhos e projetos independentes,"Enviar release/preview do webtoon de ação para análise aprofundada, destacando o universo transmídia gratuito.",WEBTOON/MANGA,Pendente
Mangatom / Indie-a-Tom,@indieatom,Site / YouTube,—,blogmangatom@gmail.com,"Indies brasileiros, mangá, HQs e cultura pop","Pitchar o RPG tático gratuito como indie brasileiro com universo de webtoon, livros e OST, aproveitando o fit de games nacionais e mangá.",GAMES,Pendente
GameReporter,@GameReporter,Site,—,dolemes@gamereporter.com.br,"Games independentes, jogos nacionais e produção de games","Enviar release do RPG tático gratuito com foco em jogo nacional, combate hex-grid e pacote transmídia gratuito.",PRESS,Pendente
Otacast,@Otacast,Podcast / Site,—,otacast@gmail.com,"Animes, mangás, games e cultura otaku","Propor pauta sobre Illusion Fight como obra brasileira anime-inspired com webtoon, livros, jogo tático e trilha original.",WEBTOON/MANGA,Pendente
D30 RPG,@d30rpg,Site / Podcast,—,d30rpg@gmail.com,"RPG de mesa, encontros, sistemas e cultura RPG","Apresentar Illusion Fight como universo gratuito com facções, lore, combate tático e OST para inspiração de mesas e discussões de RPG.",GAMES,Pendente
CLFC (via Sidemar),@CLFC,Site,—,sidemar@gmail.com,"Ficção científica, fantasia, resenhas e literatura especulativa","Enviar a série de livros gratuita como ficção especulativa brasileira com webtoon, RPG tático e trilha sonora como expansão de universo.",BOOKS,Pendente
Nosso Mundo Literário,,Blog literário,—,delmysc@hotmail.com,"Resenhas literárias, fantasia, YA e cultura pop",Oferecer os livros gratuitos como porta de entrada para um universo de ação com webtoon e trilha original como apoio visual e sonoro.,BOOKS,Pendente
Cúpula Cast,@cupulatrovao,Podcast / Site,—,emaildorafaoliveira@gmail.com,"Anime, mangá e cultura otaku","Pitchar o webtoon de ação brasileiro e o pacote gratuito com livros, RPG tático e OST como pauta para anime/mangá nacional.",WEBTOON/MANGA,Pendente
Aperta o X,@ApertaoXOficial,Site / Podcast,≈614 assinantes newsletter,contato@apertaox.com,"Games, notícias, análises e podcasts",Enviar release do RPG tático gratuito como jogo brasileiro de ação por turnos com narrativa seriada e 36 faixas originais.,GAMES,Pendente
A Voz das HQs / Ministério dos Quadrinhos,@ministeriodosquadrinhos,Podcast / YouTube,—,avozdashqs@gmail.com,"Quadrinhos, HQs, resenhas e comentários","Pitchar Illusion Fight como webtoon/HQ digital brasileira gratuita com estética de ação e expansão para livros, RPG e trilha.",PRESS,Pendente
Sci-fi blog / Folha,@scifiblog,Blog / Folha de S.Paulo,—,scifiblogfolha@gmail.com,Ficção científica em notícias e resenhas,"Enviar a série de livros e o universo gratuito como projeto brasileiro de ficção especulativa com webtoon, jogo e OST.",BOOKS,Pendente
Animes Overdrive,@overdriveanimes,Podcast / Apple Podcasts,—,podcastoverdrive@gmail.com,"Animes, mangás e cultura pop asiática","Propor Illusion Fight como universo nacional anime-inspired gratuito, conectando webtoon, livros, RPG tático e trilha sonora.",WEBTOON/MANGA,Pendente
Antes do Vazio de Estrelas,,Podcast / Apple Podcasts,—,cidadeladaedicao@gmail.com,Actual-play de RPG de mesa e campanha sonorizada,"Apresentar Illusion Fight como universo gratuito com facções, trilha, lore e conflitos táticos para inspiração de mesas e discussões de RPG.",GAMES,Pendente
Leite Night / Jogos com Leite,@jogoscomleite,Podcast / Apple Podcasts / Ludopédia,—,jogoscomleite@gmail.com,"Jogos de tabuleiro, entrevistas com designers e cultura lúdica","Pitchar Illusion Fight pelo lado tático hex-grid e design de combate, com trilha e universo gratuito para público lúdico.",GAMES,Pendente
All Blue Cast,@AllBlueCast,Podcast / Apple Podcasts,27 avaliações Apple Podcasts,podcastallblue@gmail.com,"Anime, mangá e One Piece em português","Oferecer Illusion Fight como webtoon de ação brasileiro com DNA shonen, facções, livros, RPG tático e OST gratuitos.",WEBTOON/MANGA,Pendente
SenpaiCast,@SenpaiCast,Podcast / Apple Podcasts,—,senpaicast@gmail.com,"Animes, mangás, jogos e cultura otaku","Pitchar Illusion Fight como universo otaku brasileiro gratuito, combinando webtoon de ação, livros, RPG tático e trilha original.",WEBTOON/MANGA,Pendente
_Kallyen,@_Kallyen,YouTube,,kallyenofficial@gmail.com,,,WEBTOON/MANGA,Pendente
loverofpages,@loverofpages,YouTube,,leacrumpton@hotmail.com,,,WEBTOON/MANGA,Pendente
Yasminbrossi,@Yasminbrossi,YouTube,,yasminbrossi@gmail.com,,,WEBTOON/MANGA,Pendente
EstanteQFala,@EstanteQFala,YouTube,,estanteqfala@gmail.com,,,WEBTOON/MANGA,Pendente
tata,@tata,YouTube,,collabs@tatalifepages.com,,,WEBTOON/MANGA,Pendente
VerityisCrazy,@VerityisCrazy,YouTube,,jinvlee0626@gmail.com,,,WEBTOON/MANGA,Pendente
AniVacilo,@anivacilo,Podcast,,avcastcontato@hotmail.com,,BR,WEBTOON/MANGA,Pendente
Dados Criticos,@dadoscriticos,Podcast,,dadoscriticos@email.com,,BR,GAMES,Pendente
TopAnime,@topanime.com.br,Website,,gnmanime@gmail.com,,", tactical RPG, and OST PRESS BR",BOOKS,Pendente
manu,@mymanuscript_,YouTube,,sakusacontact@gmail.com,,Brazil,WEBTOON/MANGA,Pendente
camilas_tbr,@camilas_tbr,Beacons,,camilas.tbr@gmail.com,,,BOOKS,Pendente
GaboDrawings,@gabodrawings,Linktree,,gabodrawings@gmail.com,,Brazil,WEBTOON/MANGA,Pendente
Bruno Werner,@Werner,Linktree,,brunowernerbarros@gmail.com,,Brazil,WEBTOON/MANGA,Pendente
Coletivo Bulhufas,@bulhufas,Carrd,,coletivo.bulhufas@gmail.com,,Brazil,PRESS,Pendente
Silveira JR Artworks,@silveirajrart,Linktree,,silveirajrart@gmail.com,,,WEBTOON/MANGA,Pendente
SINTA STEIN,@sintastein,Carrd,,sintastein@gmail.com,,Brazil,WEBTOON/MANGA,Pendente
Evangelion Shattered Thresholds,@evangelionst_novel,Linktree,,magnakaibr@gmail.com,,Brazil,BOOKS,Pendente
Saulo Daniel SD-Arts,@SauloDanielArts,Linktree,,contato.sdarts@gmail.com,,,GAMES,Pendente
