Nome,Handle,Plataforma,Seguidores,Contato,Nicho,Angulo,Categoria,Pais
Brandon Chen,@BrandonChen,YouTube,≈240K,brandonchen997@gmail.com,Manga/webtoon creator education,Indie manga/webtoon produção + free transmedia,WEBTOON/MANGA,
Reads with Rachel,@ReadswithRachel,YouTube,≈95K,readswithrachel@thestation.io,Manga and book reviews,SFF crossover,Webtoon + book bridge,manga/SFF crossover,BOOKS,
KingCrusoe,@KingCrusoe,YouTube,≈50K,kingcrusoe@seasonalproductions.com,Manga/books,long-form reading,Book series + webtoon starter pack,WEBTOON/MANGA,
Matt's Fantasy Book Reviews,@MattsFantasyBookReviews,YouTube,≈32K,mattsfantasybookreviews@gmail.com,Fantasy/sci-fi book reviews,Indie fantasy/sci-fi review request,BOOKS,
The Bookbelle,@contactthebookbelle,YouTube/Instagram,—,contactthebookbelle@gmail.com,Fantasy books,Fantasy books,review-copy friendly,BOOKS,
IndieGamesPlus,@IGPlusCom,Website/X,—,editors@indiegamesplus.com,Indie game news,Free transmedia indie universe,PRESS,
Noisy Pixel,@NoisyPixelNews,Website,—,pr@noisypixel.net,Games + manga + anime,Tactical RPG + webtoon + book + OST,PRESS,
GameSpew,@GameSpew,Website,—,hello@gamespew.com,Game reviews/news,Review pitch direto,free access links,PRESS,
GamesPress,@gamespress,Website,—,inbox@gamespress.com,Press release wire,Press release formal com screenshots + trailer,PRESS,
gamebiz,@gamebiz,Website,—,release@gamebiz.jp,International indie press,Indie game internacional,English welcome,PRESS,
Daniel Greene,@DanielGreeneReviews,YouTube,613K,daniel@danielbgreene.com,Fantasy books,Reviews de fantasia épica,BOOKS,
MandaloreGaming,@MandaloreGaming,YouTube,988K,mandaloremovies@gmail.com,Indie/strategy game reviews,Reviews aprofundados de jogos indies,GAMES,
Retromation,@Retromation,YouTube,287K,retromation750@gmail.com,Roguelikes,deckbuilders,indie strategy,Deckbuilder/tactical mechanics,first impressions,GAMES,
jessethereader,@jessethereader,YouTube,378K,jessethereader@gmail.com,YA fantasy BookTube,Fantasy books,large engaged audience,BOOKS,
readwithcindy,@readwithcindy,YouTube,591K,readwithcindy@fixated.com,Fantasy/sci-fi reviews,Free SFF book series with webtoon tie-in,BOOKS,
Fantasy Book Critic,@FantasyBookCritic,Blog,—,fantasybookcriticblog@gmail.com,Fantasy/SFF/Horror,Aceita indie authors,e-mail direto confirmado,BOOKS,
Grimdark Magazine,@GrimdarkMag,Magazine,—,submissions@grimdarkmagazine.com,Dark fantasy/sci-fi,Fit para o lado mais sombrio do LDI,BOOKS,
Locus Magazine,@locusmag,Magazine,—,locus@locusmag.com,SFF news/reviews,A revista oficial de ficção especulativa,BOOKS,
British Fantasy Society,@BritFancySoc,Society,—,reviews@britishfantasysociety.org,Fantasy community UK,Sociedade britânica,aceita indie,BOOKS,
RPGamer,@RPGamer,Website,—,press@rpgamer.com,RPG genre,Processo formal de submissão indie documentado,PRESS,
TactiCon,—,Festival/Web,—,contact@tacticon.games,Strategy/tactics games festival,Festival de strategy games — fit perfeito,PRESS,
SuperDerekRPGs,@SuperDerekRPGs,YouTube,≈69K,SuperDerekRPGs+inquiry@gmail.com,JRPGs & RPG reviews,Story-driven RPG,factions,character progression,OST,GAMES,
KatherineOfSky,@KatherineOfSky,YouTube,≈180K,katherineofsky@gmail.com,Strategy,systems,automation games,Tactical systems,decision density,strategic progression,GAMES,
CGDannyB,@CGDannyB,YouTube/Twitch/X,≈8K,CGDannyB.ttv@gmail.com,Indie gaming & creator interviews,Creator/interview angle,free transmedia indie universe,GAMES,
Bonsai Pop,@BonsaiPop,YouTube,≈296K,BonsaiPopTeam@gmail.com,Anime analysis & discussion,Free anime-inspired action IP,factions,powers,lore,WEBTOON/MANGA,
2DKiri,@2DKiri,YouTube/Twitch,≈10K,2dkiri@proton.me,Indie games,accessibility,Free access,tactical RPG systems,streamer-friendly,GAMES,
Bees00,@bees00_13,YouTube,≈5K,Beesbusiness13@gmail.com,Indie deckbuilders & roguelites,Tactical/deck decision-making,free access,repeatable builds,GAMES,
DariaPlaysRPGs,@DariaPlaysRPGs,YouTube,≈10K,ztakxilef@gmail.com,RPGs & JRPGs,Anime-inspired tactical RPG,free book/webtoon universe,GAMES,
Bonsai Pop,@BonsaiPop,YouTube,≈296K,BonsaiPopTeam@gmail.com,Anime analysis & discussion,Free anime-inspired action IP,lore breakdown,WEBTOON/MANGA,
PC Gamer,@pcgamer,Website,—,tips@pcgamer.com,PC gaming,Dicas e press releases,PRESS,
WEBTOON Press,—,Platform,—,webtoonpress@webtoon.com,Webtoon platform press/media,Pitch para cobertura editorial da plataforma,PRESS,
TheAnimeMan (Joey Bizinger),@TheAnimeMan,YouTube,3.38M,joey@geexplus.co.jp,Anime/manga reviews,Free action webtoon with anime DNA - creator-owned universe,WEBTOON/MANGA,
Totally Not Mark (Mark Fitzpatrick),@TotallyNotMark,YouTube,1.1M,mark@viralnationtalent.com,Anime analysis (Dragon Ball/One Piece),Action webtoon chapter-by-chapter analysis format,WEBTOON/MANGA,
Anime Avenue (Marcus),@AnimeAvenueAA,YouTube,653K,marcusjones@outlook.com,General anime content,Free anime-inspired webtoon recommendation,WEBTOON/MANGA,
Glass Reflection (Tristan Gallant),@GRArkada,YouTube,577K,tristan@glassreflection.net,Seasonal anime reviews,Anime review audience crossover to webtoon,WEBTOON/MANGA,
Foxen Anime (Jerry Foxen),@FoxenAnime,YouTube,553K,jerry@geexplus.co.jp,Anime news breakdowns analysis,Free action webtoon with anime production angle,WEBTOON/MANGA,
Pey Talks Anime,@PeyTalksAnime,YouTube,238K,peytalksanime@gmail.com,Anime video essays,Deep analysis of indie action webtoon,WEBTOON/MANGA,
Kenny Lauderdale,@kennylauderdale_en,YouTube,338K,kenny@protonmail.com,Lost anime media,VHS,Laserdisc,Unique retro anime collector audience crossover,WEBTOON/MANGA,
Manga Experts,@MangaExperts,YouTube,56.3K,mangaexperts@gmail.com,Manga/Manhwa/Webtoon suggestions,Perfect - already covers webtoon recommendations,WEBTOON/MANGA,
Indie Games Plus,@IndieGamesPlus,Website,—,editors@indiegamesplus.com,Indie game news,Free transmedia indie universe press release,GAMES,
80.lv,@80lv,Website,—,editor@80.lv,Game development news,Indie game feature,tactical RPG angle,GAMES,
A Clockwork Reader (Hannah),@AClockworkReader,YouTube,500K+,hannah@thisishazel.com,Fantasy/YA book reviews,Book hauls,wrap-ups,ARC-friendly,BOOKS,
Ariel Bissett,@arielbissett,YouTube,150K+,arielbissett@gmail.com,SFF/Literary book reviews,Book reviews,reading vlogs,indie-friendly,BOOKS,
Jen Campbell,@JenCampbell,YouTube,150K+,jen@jencampbell.co.uk,Fantasy/Horror/Gothic book reviews,Book reviews,writing vlogs,gothic/dark fantasy fit,BOOKS,
Kitty G,@koolkatkitty1,YouTube,35K+,via Twitter @kittyg,SFF/Cosmere fantasy reviews,In-depth fantasy reviews,readalongs,BOOKS,
InkBonesBooks,@InkBonesBooks,YouTube,10K+,via Twitter @InkBonesBooks,Fantasy subgenres,Steampunk,urban fantasy deep dives,BOOKS,
Mark Oshiro (Mark Reads),@MarkReads,YouTube,100K+,mark@markreads.net,SFF/Fantasy book reviews,Unspoiled reads,large SFF audience,BOOKS,
Self-Publishing Review,selfpublishingreview.com,Blog/Site,20K+ monthly,editor@selfpublishingreview.com,Indie/Self-pub book reviews,Dedicated indie author review site,BOOKS,
GodisaGeek,@godisageek,Website,—,pr@godisageek.com,Gaming news/reviews,Indie game coverage,reviews,previews,PRESS,
Gamers Heroes,@GamersHeroes,Website,—,casey@gamersheroes.com,Gaming news/reviews,We love indies! - formal submission,PRESS,
TechRaptor,@techraptor,Website,—,pr@techraptor.net,Gaming/tabletop coverage,RPGs,tactics,indie games,PRESS,
Capsule Computers,@capsulecomputer,Website,—,info@capsulecomputers.com.au,Gaming/anime/manga reviews,Covers games,anime,manga - perfect transmedia fit,PRESS,
Gaming Respawn,@GamingRespawnUK,Website,—,iancooper@gamingrespawn.com,Gaming reviews/news,Accepts press inquiries,review requests,PRESS,
SUPERJUMP Magazine,@superjumpmag,Website/Medium,—,editors@superjumpmagazine.com,Gaming features/essays,Accepts game submissions - indie-friendly,PRESS,
Anime News Network,@anime,Website,—,newsroom@animenewsnetwork.com,Anime/manga news,Largest EN anime news - covers webtoon crossovers,PRESS,
Anime UK News,@animeuknews,Website,—,hello@animeuknews.net,Anime/manga reviews,UK-based,covers manga,manhwa,games,books,PRESS,
Bubbleblabber,@bubbleblabber,Website,—,news@bubbleblabber.com,Adult animation/comics,Covers animation,webcomics,anime,PRESS,
Fangoria,@fangoria,Magazine/Web,—,press@fangoria.com,Horror/dark fantasy,Perfect for darker LDI lore,PRESS,
Fantasy-Faction,@FantasyFaction,Website,—,Marc@Fantasy-Faction.com,Fantasy book reviews,Indie-friendly,SPFBO judge,large fantasy community,PRESS,
Shelf Awareness,@ShelfAwareness,Newsletter,70K+ subscribers,news@shelf-awareness.com,Book trade news,Essential daily book industry newsletter,PRESS,
Geeks Under Grace,@geeksundergrace,Website,—,contact@geeksundergrace.com,Geek culture (games/books/comics/anime),Cross-platform geek culture site,PRESS,
Zelda Universe,@zeldauniverse,Website,—,webmaster@zeldauniverse.net,Gaming (Nintendo/RPG),Large Nintendo/RPG fan site,covers indies,PRESS,
ForneverWorld,@ForneverWorld,YouTube / X,≈650K,nimrodmediainc@gmail.com,Anime and manga news,discussion,and reactions,Pitch Illusion Fight as a free indie action universe with webtoon,books,tactical RPG,and 36-track OST for anime/manga audiences.,WEBTOON/MANGA,
Anime America,@AnimeAmericaPodcast,YouTube / Podcast,≈490K,animeamericapodcast@gmail.com,Anime reviews,podcasts,and fandom commentary,Offer a cross-media starter pack focused on anime-inspired action,character factions,and free access across formats.,WEBTOON/MANGA,
Manga Mavericks,@mangamavericks_official,Podcast / Website / Instagram,≈10K+,contact@mangamavericks.com,Manga industry discussion and manga culture podcast,Pitch the webtoon/book bridge as an indie manga-style project with global English availability and creator-owned worldbuilding.,WEBTOON/MANGA,
Mangasplaining,@mangasplaining,Podcast / Newsletter,≈15K,mangasplaining@gmail.com,Manga podcast and manga reading recommendations,Frame Illusion Fight as a free action webtoon/book universe for manga readers who want a low-friction entry point.,WEBTOON/MANGA,
Otaku USA Magazine,@Otaku_USA,Magazine / Website,≈50K,otakuusa@gmail.com,Anime,manga,cosplay,music,and otaku culture,Pitch as a global English indie action universe with manga/webtoon visuals,game tie-in,and original soundtrack.,WEBTOON/MANGA,
Buried Treasure,@game_treasure,Website / Newsletter / X,≈15K,hello@buried-treasure.org,Hidden-gem indie games and overlooked releases,Pitch Illusion Fight as a free tactical RPG hidden gem with a full webtoon,book series,and OST attached.,GAMES,
The Corner of Story and Game,@StoryAndGame,Podcast / YouTube,≈1.4K,gerald@storyandgame.com,Storytelling,worldbuilding,and games,Offer a guest/story angle about turning one action universe into books,webtoon,tactical RPG,and soundtrack.,GAMES,
The Narrative Department,@NarrativeDept,Website / Community,—,susan@susanoconnorwriter.com,Game writing education and narrative design,Pitch a craft-focused angle on coordinating lore,missions,characters,and music across a tactical RPG and fiction universe.,GAMES,
Classic Gamers Guild Podcast,@ClassicGamersGuild,Podcast / YouTube,≈1K,mail@classicgamersguild.com,Classic,adventure,and story-driven games,Position the tactical RPG as a narrative-first indie with retro/turn-based appeal and a free wider universe.,GAMES,
Fantasy Cafe,@FantasyBookCafe,Blog,≈3K,kristen@fantasybookcafe.com,Fantasy and science fiction book reviews,Send a concise review request centered on the fantasy/sci-fi book series and its free digital availability.,BOOKS,
Imaginary Worlds,@ImaginaryWorlds,Podcast,≈20K,contact@imaginaryworldspodcast.org,Sci-fi,fantasy,worldbuilding,and pop culture storytelling,Offer Illusion Fight as a case study in creating an original free universe spanning webtoon,novels,RPG,and soundtrack.,BOOKS,
The Beat,@ComicsBeat,Website / Newsletter,≈100K,info@comicsbeat.com,Comics,graphic novels,conventions,and pop culture,Pitch the webtoon as the lead,with the free book series,tactical RPG,and OST as a wider indie IP story.,PRESS,
Indie Comix Dispatch,@indiecomixdispatch,Website / Magazine,≈10K,press@indiecomixdispatch.com,Independent comics news and press releases,Submit a press release around Illusion Fight as a free indie webtoon universe expanding into books,game,and music.,PRESS,
AIPT Comics,@AIPTcomics,Website / Podcast,≈10K,contact@adventuresinpoortaste.com,Comics,gaming,movies,and pop culture,Position Illusion Fight as a comic/webtoon discovery that also gives readers a game and soundtrack to explore.,PRESS,
Graphic Policy,@graphicpolicy,Website / YouTube,≈15K,graphicpolicy@gmail.com,Comics,tabletop,movies,and geek culture,Pitch the free webtoon and transmedia universe as an indie comics/pop-culture feature with tabletop-adjacent appeal.,PRESS,
Major Spoilers,@MajorSpoilers,Website / Podcast,≈20K,podcast@majorspoilers.com,Comics news,reviews,interviews,and geek media,Offer an interview or news item about a free original IP crossing comics,prose,game design,and music.,PRESS,
Gnome Stew,@gnomestew,Website,≈10K,gnomaphone@gnomestew.com,Tabletop RPG reviews,GM advice,and RPG media,Pitch the setting,tactical RPG structure,and soundtrack as resources for RPG/worldbuilding-minded audiences.,PRESS,
Game Developer (Gamasutra),GameDeveloper,Website,~500K monthly,news@gamedeveloper.com,Game dev news,postmortems,design articles,Solo dev pitch: Building a Tactical RPG + Webtoon + Book + 36 OSTs as one creator,PRESS,
Matt Colville / MCDM,@mcolville,YouTube,~600K,hello@mcdmproductions.com,D&D game design,TTRPG production,worldbuilding,Tactical RPG as TTRPG encounter inspiration; factions as campaign setting; free DM resource,GAMES,
Blerd,BlerdOnline,Website,~50K monthly,info@blerd.com,Black nerd culture: comics,games,anime,SFF,Free indie universe with diverse characters; webtoon + tactical RPG for anime/gaming audience,PRESS,
Kirkus (Audiobook Reviews),KirkusReviews,Website,Industry standard,indie@kirkus.com,Professional audiobook and book review service,Submit audiobook edition for professional Kirkus review; indie production story,BOOKS,
The Guardian (Games),guardian,Website,~2M+ UK readers,culture@theguardian.com,UK major newspaper games and culture coverage,Newsworthy indie angle: free transmedia universe from Brazilian creator,global English availability,PRESS,
Metro GameCentral (UK),MetroUK,Website,~200K UK readers,webnews@metro.co.uk,UK gaming/entertainment press,Free indie tactical RPG + soundtrack; UK gaming audience; indie dev story,PRESS,
Sword and Laser,SwordAndLaser,Podcast/YouTube,~25K,feedback@swordandlaser.com,SFF book club and discussion podcast,Free book series as book club pick; transmedia angle as unique discussion topic,BOOKS,
SpecialEffect,SpecialEffect,Charity/Website,~20K,info@specialeffect.org.uk,Gaming accessibility charity,inclusive gaming tech,Mention accessibility features in press kit; potential charity partnership/stream,PRESS,
Merryweather Comics,@merryweathercomics,YouTube / WEBTOON,≈1.57M YouTube / ≈360K WEBTOON,merryweather.comics@outlook.com,Anime-style webcomics,WEBTOON originals,transmedia creator studio,Pitch Illusion Fight as a free anime-action universe with webtoon,books,tactical RPG,and OST that fits creator-owned webcomic audiences.,WEBTOON/MANGA,
SeaTactics,@SeaTactics,YouTube / Instagram,≈126K YouTube,bentoanimeyt@gmail.com,Anime analysis,seasonal anime reviews,shonen/seinen discussion,Lead with the action-lore hook,character factions,and free webtoon/book starter path for anime viewers.,WEBTOON/MANGA,
mangatama,@mangatama,YouTube / Instagram,≈127K YouTube,mangatama88@gmail.com,Manga collecting,manga hauls,manga recommendations,Pitch Illusion Fight as a free manga-adjacent indie series with webtoon visuals and book depth.,WEBTOON/MANGA,
Writing on Games,@WritingOnGames,YouTube,≈212K YouTube,hamish@writingongames.co.uk,Game narrative,design essays,story-driven games,Emphasize narrative design,combat meaning,and the unusual webtoon/book/game/OST structure behind the tactical RPG.,GAMES,
Game Wisdom,@GameWisdom,YouTube / Website / Podcast,≈2.5K X / niche YouTube audience,josh@game-wisdom.com,Game design analysis,indie developer interviews,systems critique,Pitch a design-first interview or analysis around tactical RPG systems,deckbuilder-adjacent decisions,and free transmedia onboarding.,GAMES,
Backlog Battle,@BacklogBattle,YouTube / X,≈53K YouTube,lexi@backlogbattle.com,JRPGs,tactical RPGs,story-rich RPG discovery,Lead with the turn-based RPG,anime-inspired tone,original soundtrack,and free universe entry points.,GAMES,
Before We Go Blog,@beforewegoblog,Website / Blog,≈5K monthly visits,https://beforewegoblog.com/review-policy/ / beforewegoblog@gmail.com,Fantasy,sci-fi,graphic novels,indie SFF reviews,Submit the book series as free SFF/action fiction with webtoon and OST assets for a richer review package.,BOOKS,
Way Too Fantasy,@waytoofantasy,Website / Blog,Niche blog,theunicornblues@gmail.com,Fantasy and science fiction reviews,Pitch the high-stakes fantasy/sci-fi action book series and mention the webtoon as an optional visual companion.,BOOKS,
Powder & Page,@powderandpage,Website / Blog,Niche blog,powderandpage@gmail.com,Fantasy,science fiction,YA,mystery reviews,Position Illusion Fight as a free action-heavy SFF series with strong visual identity and accessible digital review links.,BOOKS,
Unwinnable,@unwinnable,Website / Magazine,Niche games and culture magazine,exploitssubmissions@unwinnable.com / https://unwinnable.com/submissions/,Games,books,music,essays,pop culture criticism,Pitch a cross-format angle: free tactical RPG plus 36-track OST,webtoon,and books as one indie universe.,PRESS,
Geekquality,@Geekquality,Website,Niche geek culture outlet,info@geekquality.com / https://www.geekquality.com/about/writeforus/,Geek culture,inclusive fandom,comics,games,media,Offer a feature/interview pitch focused on original IP,accessible free media,and cross-format fandom building.,PRESS,
Anime Corner,@animecorner_ac,Website / X / Instagram,≈1M+ social,news@animecorner.me,Anime news,music news,rankings,otaku culture,Lead with anime-inspired action art,36-track OST,and a free cross-format universe that anime fans can sample immediately.,WEBTOON/MANGA,
Anime Trending,@Anitrendz,Website / X / Instagram / Discord,≈3M+ social,news@anitrendz.net,Anime charts,otaku culture,soundtrack/community polls,Pitch the OST and anime-style faction conflict as a community-discovery story for international anime fans.,WEBTOON/MANGA,
Honey's Anime,@honeysanimeEN,Website / X / YouTube,≈1.6K Facebook / niche web audience,info@qdopp.com,Anime,manga,light novels,otaku culture,music,Offer a free anime-inspired universe with webtoon visuals,serialized fiction,tactical combat,and original music.,WEBTOON/MANGA,
TheOASG,@TheOASG,Website / Podcast / Mastodon,Niche otaku culture site,contact@theoasg.com,Anime,light novels,manga industry,fandom discussion,Pitch Illusion Fight as a global-English indie action universe with webtoon,prose,game,and OST entry points.,WEBTOON/MANGA,
Cosplay Chronicles Magazine,@cosplaychroniclesmagazine,Magazine / Instagram / Kavyar,Niche cosplay magazine,submit.cosplaychronicles@gmail.com,Cosplay,anime,comics,fantasy,sci-fi,creative expression,Pitch original character designs,faction aesthetics,and cosplay/fan-art prompts from a free indie action IP.,WEBTOON/MANGA,
Cosplay Society Magazine,@cosplay_society_magazine,Magazine / Instagram,Niche cosplay magazine,CosplaySocietyMag@gmail.com,Cosplay submissions and character photography,Offer Illusion Fight character sheets and visual references as original-IP cosplay inspiration.,WEBTOON/MANGA,
Cosplay Realm Magazine,@CosplayRealmMag,Magazine / Website / X,Niche cosplay magazine,Contact@Cosplayrealmmagazine.com,Pop culture,cosplay,geek lifestyle,convention coverage,Pitch the universe as a source of original cosplay concepts,faction looks,and fan-art friendly character designs.,WEBTOON/MANGA,
Nerd Caliber,@nerdcaliber,Website / YouTube / Convention coverage,≈8.7K Facebook,editor@nerdcaliber.com,Cosplay photography,convention coverage,nerd culture,Pitch original-IP cosplay potential and convention-friendly visuals from a free anime-action universe.,WEBTOON/MANGA,
Anime NYC,@animenyc,Convention / Website / Instagram,≈40K Facebook,info@animenyc.com,Anime convention,artist alley,fandom events,Pitch Illusion Fight for artist-alley,indie-IP,cosplay,or soundtrack/fandom discovery opportunities.,WEBTOON/MANGA,
Anime North,@anime_north,Convention / Website / X,≈30K+ social,info@animenorth.com,Canadian anime convention,cosplay,artist alley,fandom programming,Position Illusion Fight as an indie action IP with cosplayable characters and free fan-entry media.,WEBTOON/MANGA,
Oz Comic-Con,@ozcomiccon,Convention / Website / Instagram,≈100K+ social,expertise@rocketcomms.com.au,Australian pop culture convention,cosplay,comics,fandom,Pitch Illusion Fight as a free international indie IP with anime visuals,music,and fan-art/cosplay hooks.,WEBTOON/MANGA,
Character Design References,@characterdesignreferences,Website / Facebook / Instagram,≈1M+ community,hello@characterdesignreferences.com,Character design,concept art,animation,illustration communities,Pitch Illusion Fight’s factions,silhouettes,and anime-inspired cast as a character-design spotlight or challenge prompt.,WEBTOON/MANGA,
Game Audio Podcast,@GameAudioPodcast,Podcast / Website,Niche game-audio audience,inbox@gameaudiopodcast.com,Interactive audio,sound design,game music,audio professionals,Lead with the 36-track OST and how music supports tactical combat,factions,and serialized storytelling.,GAMES,
Game Music Foundation,@GameMusicNet,Website / Reviews / Events,Niche VGM press,contact@gamemusic.net,Game music news,reviews,interviews,concerts,Lead with a soundtrack-first press angle: 36 original tracks for an anime-inspired tactical RPG universe.,GAMES,
The Sound Architect,@SoundArchitectUK,Podcast / Website / Instagram,Niche audio audience,sam@thesoundarchitect.co.uk,Game audio,voice acting,composers,sound design interviews,Pitch a game-audio interview about building a sonic identity for a free transmedia tactical universe.,GAMES,
NarraScope,@narrascope,Conference / Website / Itch.io,Niche interactive narrative community,narrascope@narrascope.org,Interactive narrative,IF,adventure games,narrative systems,Pitch Illusion Fight as a cross-format narrative case study spanning fiction,webtoon,tactical RPG,and OST.,GAMES,
Rascal News,@rascalnews,Website / Newsletter / Bluesky,Niche TTRPG journalism,press@rascal.news,Tabletop RPG culture,indie RPG creators,community journalism,Pitch the tactical/worldbuilding side as a free indie setting with faction play,lore,and soundtrack atmosphere.,GAMES,
The Alexandrian,@hexcrawl,Blog / Newsletter / Mastodon,≈10K+ niche RPG audience,justin@thealexandrian.net,TTRPG campaign design,game mastery,scenario structure,Pitch the setting and faction structure as material for RPG-worldbuilding and tactical scenario design discussion.,GAMES,
Cannibal Halfling Gaming,@HungryHalfling,Website / X / Facebook,Niche TTRPG audience,cannibalhalflinggaming@gmail.com,Tabletop RPG reviews,advice,indie systems,RPG culture,Lead with Illusion Fight as a free tactical setting with lore,characters,and combat concepts adaptable to RPG audiences.,GAMES,
Happy Jacks RPG Network,@happyjacksrpg,Podcast / YouTube / Discord,Niche TTRPG podcast,happyjacksrpg@gmail.com,GM advice,player advice,actual play,indie RPG discussion,Pitch a mailbag/interview angle about designing tactical conflict and faction drama across formats.,GAMES,
Three Black Halflings,@tbhalflings,Podcast / YouTube / TikTok,≈30K+ cross-platform,secondbreakfast@tbhalflings.com,TTRPG,pop culture,diversity in fantasy worlds,Pitch Illusion Fight as a free action-fantasy world with tactical combat,music,and faction storytelling.,GAMES,
The Indie RPG Newsletter,@indierpgnewsletter,Newsletter / Podcast / Substack,≈7.6K subscribers,notrueindian@outlook.com,Indie tabletop RPGs,podcasts,creator interviews,Pitch the free tactical RPG universe as an indie RPG-adjacent worldbuilding and soundtrack discovery.,GAMES,
The Worldbuilding Podcast,@WorldBuildingPod,Podcast / Spotify,Niche worldbuilding audience,WorldBuildingPod@gmail.com,Fantasy worldbuilding,collaborative setting creation,Pitch Illusion Fight as a living world with factions,serialized fiction,tactical conflict,and a soundtrack layer.,BOOKS,
Our Opinions Are Correct,@OOACpod,Podcast / Website / Instagram,Hugo-winning SFF podcast,ouropinionsarecorrect@gmail.com,Science fiction,pop culture,comics,TV,social meaning of genre,Pitch Illusion Fight as a free indie SFF universe crossing fiction,comics-style art,tactical play,and music.,BOOKS,
Adventures in SciFi Publishing,@AISFP,Podcast / Website / Newsletter,Niche SFF audience,adventuresinscifipublishing@gmail.com,SFF podcast,indie/small press release listings,reviews,Submit the free book series with synopsis,press release,ebook links,and the webtoon/OST/game as discovery hooks.,BOOKS,
Necessary Fiction,@necessaryfiction,Literary journal / Website,Niche literary audience,reviews@necessaryfiction.com,Literary fiction,book reviews,research notes,interviews,Pitch the serialized fiction as indie speculative prose with unusual cross-media research/worldbuilding notes.,BOOKS,
Abyss & Apex,@Abyss_Apex,Magazine / Website,Niche SFF magazine,submissions@abyssapexzine.com,Speculative fiction magazine,fantasy,sci-fi,poetry,Use a literary angle: action-SFF worldbuilding,faction conflict,and free serialized entry points.,BOOKS,
World Anvil,@WorldAnvil,Platform / Podcast / Community,≈100K+ community,hello@worldanvil.com,Worldbuilding tools,writers,GMs,lore communities,Pitch Illusion Fight as a free worldbuilding case study with lore,fiction,tactical conflict,and soundtrack mood layers.,BOOKS,
Lightspeed Magazine,@lightspeedmag,Magazine / Website,≈30K+ social,reviewbooks@lightspeedmagazine.com,Science fiction and fantasy magazine,review copy mailings,Submit the book series/press release as free SFF review material with webtoon/game/OST context.,BOOKS,
Creative Boom,@creativeboom,Website / Podcast / Newsletter,≈1M+ creatives monthly,submit@creativeboom.com,Creative industries,illustration,design,animation,independent artists,Pitch Illusion Fight as an indie creator-economy story: original art,music,fiction,and game released free.,PRESS,
It's Nice That,@itsnicethat,Website / Instagram / Newsletter,≈2M+ monthly reach,submit@itsnicethat.com,Illustration,animation,visual culture,digital creative projects,Submit the art direction and cross-format creative process behind the anime-inspired universe.,PRESS,
Colossal,@thisiscolossal,Website / Newsletter / Social,≈1M+ visual culture audience,tips@colossal.art,Art,design,illustration,animation,visual culture,Pitch the illustration/worldbuilding package and free OST as an unusual independent visual-culture project.,PRESS,
The Mary Sue,@TheMarySue,Website / Facebook / X,≈130K Facebook,tips@themarysue.com,Geek culture,fandom,comics,genre TV,internet culture,Pitch Illusion Fight as a free indie action universe with anime-inspired art,music,tactical combat,and serialized lore.,PRESS,
Den of Geek,@denofgeek,Website / Magazine / YouTube,Large pop culture outlet,tips@denofgeek.com,Movies,TV,comics,games,geek culture,fandom,Pitch the creator-owned transmedia angle rather than a game/book review: free story world plus OST and tactical combat.,PRESS,
Nerdist,@nerdist,Website / YouTube / Social,Large pop culture network,pitches@nerdist.com,Genre entertainment,fandom,comics,games,pop culture,Offer a creator/process pitch about launching a free cross-media action universe with 36 original tracks.,PRESS,
Cartoon Brew,@cartoonbrew,Website / Newsletter / Social,≈300K+ animation audience,news@cartoonbrew.com,Animation industry,animation art,visual storytelling,creators,Pitch the anime-inspired visual storytelling and indie production journey behind the webtoon/game universe.,PRESS,
Animation World Network,@animationworld,Website / Newsletter,Large animation-industry audience,info@awn.com,Animation news,independent animation,visual effects,creative industry,Pitch Illusion Fight as an indie animation-adjacent IP with character art,soundtrack,and serialized storytelling.,PRESS,
Hyperallergic,@hyperallergic,Website / Newsletter / Social,Large art/culture outlet,tips@hyperallergic.com,Art,visual culture,independent artists,digital creativity,Pitch the project as an independent visual culture and creator-economy story,not as a game/book review.,PRESS,
Game Developer,@gamedevdotcom,Web,—,news@gamedeveloper.com,Game dev press,Site de desenvolvimento de jogos,GAMES,
Droid Gamers,@droidgamers,Web,—,editor@droidgamers.com,Mobile indie games,Cobertura de jogos mobile indie,GAMES,
Gamezebo,@gamezebo,Web,—,editor@gamezebo.com,Indie/casual games,Reviews e previews de indies,GAMES,
GamesIndustry.biz,@GIBiz,Web,—,news@gamesindustry.biz,Game business press,Notícias da indústria de games,GAMES,
Games Press,@gamespress,Web,—,inbox@gamespress.com,Indie game press,✅ Confirmado pela task,PRESS,
TouchArcade,@toucharcade,Web,—,tips@toucharcade.com,Mobile games,(Shutting down but still active),PRESS,
GameDiscoverCo,@simoncarless,Newsletter/Substack,50K+,simon@gamediscover.co,Analise de descoberta de jogos Steam,Case de lancamento free-to-play com transmedia — angulo de dados,PRESS,
WEBTOON IP Licensing,---,Plataforma,155M MAU,webtoonip@webtoon.com,IP business e licensing da plataforma,Pitch universo LDI para parcerias de IP e licenciamento,WEBTOON/MANGA,
Mattz Manhwa,@MattzManhwa,YouTube,---,emiteluz@gmail.com,Manhwa recap and webtoon-style action stories,Pitch the free action webtoon first,then add books,hex-grid RPG,and OST as a complete universe.,WEBTOON/MANGA,
Turn-Based Tactics (Steam Curator),@TurnBasedTactics,Steam,10000,turnbasedtacticsgroup@gmail.com,Turn-Based Strategy Games,Steam curator focused on XCOM-like tactics; perfect for free tactical RPG with deep combat.,GAMES,
SpaceSector,@SpaceSector,Website,3000,contact@spacesector.com,Sci-Fi Strategy Games,Covers turn-based tactics and 4X; pitch free hex-grid tactical RPG with sci-fi elements.,GAMES,
GXM Podcast (Games X Music),@gxmpodcast,Podcast,1500,gxmpodcast@gmail.com,Video Game Music Podcast,Podcast exploring game music; pitch 36-track OST and how music supports tactical combat.,GAMES,
BGMania: A Video Game Music Podcast,@bgmania,Podcast,2000,bgmaniapodcast@gmail.com,Video Game Music Podcast,VGM podcast covering RPG soundtracks; pitch 36-track OST with magical/action themes.,GAMES,
Railroad Community Casters Club,@railroadcasters,Podcast,1000,railroadcasters@gmail.com,TTRPG Actual-Play Podcast,Actual-play TTRPG podcast; pitch free tactical RPG universe as campaign/worldbuilding resource.,GAMES,
No Class RPG Podcast,@noclassrpgpodcast,Podcast,800,noclassrpgpodcast@gmail.com,RPG Culture Podcast,RPG culture podcast; pitch free tactical RPG + webtoon/book universe for discussion.,GAMES,
Shujin Academy VGM Club,@shujinacademyvgmclub,Podcast,1000,shujinacademyvgmclub@gmail.com,Video Game Music Podcast,Mixtape-style VGM podcast; pitch 36-track OST for episode feature.,GAMES,
Bit Harmony: A Videogame Music Podcast,@BitHarmony,Podcast,800,bitharmony@gmail.com,Video Game Music Podcast,VGM podcast exploring human expression through game music; pitch OST + emotional score.,GAMES,
SFF Book Review,@sffbookreview,Blog,1500,sffbookreview@gmail.com,SFF Book Reviews,Fantasy/SFF book review blog; pitch free book series with webtoon/game tie-ins.,BOOKS,
Game Academy Podcast,@GameAcademy,Podcast,1500,gameacademypod@gmail.com,Game Design Podcast,Game design podcast; pitch narrative design and tactical combat systems across formats.,GAMES,
Playful Experiences Podcast,@PlayfulExperiences,Podcast,1000,contact@playfulexperiences.com,Game Design & Narrative,Game design podcast; pitch transmedia worldbuilding and interactive narrative.,GAMES,
Creative Cosplays Magazine,@creativecosplaysmag,Magazine,2500,creativecosplaysmag@gmail.com,Cosplay Magazine,Accepts cosplay submissions; pitch original-IP cosplay concepts and character sheets.,WEBTOON/MANGA,
COSMODE Magazine,@cosmodemag,Magazine,5000,cosmodeworld@gmail.com,Cosplay Magazine,International cosplay magazine; pitch fan-art and cosplay opportunities.,WEBTOON/MANGA,
FanArt Submission,@fanart,Website,2000,fanart@agnesmaelstrom.com,Fan Art Publication,Accepts fan art submissions; pitch original character art and fan-art prompts.,WEBTOON/MANGA,
Kira Manhwa,@KiraManhwa,YouTube,---,kiramanhwaofficial@gmail.com,Manhwa recap and webtoon-style action stories,Pitch the free action webtoon first,then add books,hex-grid RPG,and OST as a complete universe.,WEBTOON/MANGA,
LA Manga,@lamanga,Instagram / Short-form video,---,hellolamangabiz@gmail.com,Manga,manhwa,and webtoon recommendations,Offer Illusion Fight as a free manga-adjacent action webtoon with book,RPG,and soundtrack entry points.,WEBTOON/MANGA,
AoA Podcast,@AoAPodcast,Podcast / YouTube,---,apostlesofanime.3@gmail.com,Anime,manga,and manhwa podcast,Lead with anime/manhwa audience fit and the free cross-media bundle: webtoon,books,tactical RPG,OST.,WEBTOON/MANGA,
Takuto Anime Cafe,@TakutoAnimeCafe,YouTube,---,takutoanimecafe@gmail.com,Manga,manhwa,and light novel recommendations,Pitch a low-friction recommendation: free action webtoon plus prose depth and game/music extras.,WEBTOON/MANGA,
AniGod,@AniGod,YouTube,---,business.anigod@gmail.com,Manhwa and anime recommendations,Position Illusion Fight as a free manhwa-style action universe with faction combat and original music.,WEBTOON/MANGA,
Purple Frog,@purpl3frog,YouTube,---,purpl3frogyt@gmail.com,Manga collection,manhwa,and light novels,Send the free digital webtoon/book starter pack for manga and manhwa reading audiences.,WEBTOON/MANGA,
Baglets,@BagletsOfficial,YouTube / WEBTOON,---,ethanharu@gmail.com,Animation and WEBTOON creator content,Creator-to-creator pitch around building a free anime-action IP across webtoon,books,game,and OST.,WEBTOON/MANGA,
Manga Girls,@MangaGirls,YouTube,---,mangagirls.no1@gmail.com,Manga and manhwa recap videos,Pitch Illusion Fight as an action webtoon suited to recap,recommendation,and first-look formats.,WEBTOON/MANGA,
eXplorminate,@eXplorminate,Website / Podcast / Steam Curator,~11K Steam Curator,explorminate@gmail.com,4X,strategy,tactics,and indie games,Lead with the tactical hex-grid RPG and strategy depth,then mention the free webtoon/books/OST universe.,GAMES,
Strategy and Wargaming,@strategywargaming,Website / YouTube,~5M lifetime site views,strategyandwargaming@gmail.com,Strategy,tactics,wargames,and turn-based PC games,Pitch the hex-grid tactical RPG as a free strategy game with faction lore and soundtrack support.,GAMES,
LadiesGamers,@ladiesgamers,Website / Reviews,---,yvocaro@ladiesgamers.com,Indie,cozy,adventure,RPG,and accessible game reviews,Offer a review pitch focused on free access,tactical readability,story universe,and soundtrack.,GAMES,
The Debug Log,@TheDebugLog,Podcast,---,thedebuglog@gmail.com,Game development podcast,Pitch the developer/process story behind building one free universe across game,webtoon,books,and music.,GAMES,
Roll Fourth,@rollfourthpod,Podcast / YouTube,---,rollfourthpod@gmail.com,TTRPG actual-play podcast,Pitch Illusion Fight as a free tactical setting and soundtrack resource for actual-play and RPG fans.,GAMES,
3T RPG Podcast,@3TRPGPodcast,Podcast / YouTube,---,3trpgpod@gmail.com,Tabletop RPG discussion and actual play,Frame the tactical combat,factions,lore,and OST as RPG culture material and campaign inspiration.,GAMES,
The Mortal Path,@themortalpath,Podcast,---,themortalpath@gmail.com,TTRPG actual-play storytelling,Lead with faction drama,free lore,and original soundtrack as tools for RPG-minded storytelling audiences.,GAMES,
Role Play Review,@ActualPlayBookClub,Podcast,---,actualplaybookclub@gmail.com,Actual-play discussion and RPG media review,Pitch Illusion Fight as a free story/game package for discussion: webtoon,books,tactical RPG,and OST.,GAMES,
The RPG Goblin,@the.rpg.goblin,Podcast / Threads,~1K,therpggoblin@gmail.com,Indie TTRPG exploration and RPG recommendations,Offer the universe as RPG-worldbuilding inspiration with tactical combat,factions,fiction,and music.,GAMES,
Tabletop Journeys,@ttjourneys,Podcast,---,podcast@ttjourneys.com,TTRPG interviews,actual play,and RPG culture,Pitch a worldbuilding/interview angle around free tactical conflict,lore,and soundtrack mood layers.,GAMES,
Backwards Tabletop,@backwardstabletop,Website / Newsletter,---,backwaterttrpg@gmail.com,TTRPG essays and indie RPG design,Focus on tactical scenario design,faction conflict,and transmedia worldbuilding as free RPG inspiration.,GAMES,
Big Boss Battle,@BigBossBattle,Website,---,dann@bigbossbattle.com,Video games,board games,and indie coverage,Pitch the free tactical RPG with a comics-style webtoon,prose universe,and 36-track OST.,PRESS,
The Indie Game Website,@indiegameweb,Website,---,pr@indiegamewebsite.com,Indie game news,reviews,and discovery,Send a concise indie-game pitch around a free tactical RPG tied to webtoon,books,and original music.,PRESS,
Never Iron Anything,@neverironanything,Website / Podcast,34 subscribers listed,neverironanything@gmail.com,Comics reviews,interviews,and comics podcasting,Submit the webtoon/comics side for review and emphasize the free transmedia action universe.,PRESS,
Gamenomics & Comicology,@GameandComic,Website,157 subscribers listed,gamenomicsandcomicology@gmail.com,Video games,comics,independent comics,and culture,Pitch the cross-over hook: free webtoon plus tactical RPG,books,and soundtrack as one indie IP.,PRESS,
Reynard City Chronicles,@ReynardCity,Website / Webcomic,---,reynardcity@gmail.com,Webcomic features,guest reviews,blogs,and creator videos,Offer an indie webcomic guest-review angle with free reading links and character/worldbuilding assets.,PRESS,
ComicScene,@ComicScene,Website / Magazine,---,comicscenecr@gmail.com,Comics culture,independent comics,and creator contributions,Pitch Illusion Fight as an international creator-owned webtoon/comics project with game and soundtrack extensions.,PRESS,
Comic Book Savant,@ComicBookSavant,YouTube / Podcast,---,comicbooksavant@gmail.com,Comics reviews,comics podcasting,and business inquiries,Send the webtoon-first pitch,with books,tactical RPG,and OST as extra hooks for comics audiences.,PRESS,
JamReads,@JamReads,Website / Blog,---,jvaquerav@gmail.com,Fantasy,sci-fi,horror,historical fiction,and indie reviews,Pitch the free action SFF book series,mentioning the webtoon,tactical RPG,and OST as discovery bonuses.,BOOKS,
Sifa Elizabeth Reads,@sifaelizabethreads,Blog,435 subscribers listed,sifaelizabethpoulton@gmail.com,Fantasy,sci-fi,YA,MG,and adult book reviews,Offer the book series as the primary review target with the free webtoon/RPG/OST as expanded-universe context.,BOOKS,
Creative Cornerstones,@creativecornerstones,Website / Blog,---,creativecornerstones@gmail.com,Book reviews,indie author features,fantasy,and SFF,Pitch an indie-author feature around launching a free action universe across prose,webtoon,game,and music.,BOOKS,
Catherine Gunther,@CatherineRGunther,Blog,---,catherine.gunther@ymail.com,Fantasy and sci-fi book reviews,Send the free SFF/action book series for review with the webtoon as a visual companion and OST as mood material.,BOOKS,
Domain Aniki,@domainaniki,YouTube,,domainaniki@163.com,Solo Leveling/JJK/Chainsaw Man breakdowns,Pitch Illusion Fight as a free anime-action universe with webtoon,books,tactical hex-grid RPG,and 36-track OST at illusionfight.com.,WEBTOON/MANGA,
ChristopherOdd,@ChristopherOdd,YouTube,,christopherodd.pr@gmail.com,Turn-based strategy RPGs / XCOM-likes,Lead with the free tactical hex-grid RPG,36-track OST,and transmedia universe (webtoon + books) as a unique indie discovery angle.,GAMES,
PartyElite,@PartyElite,YouTube,,contact@partyelite.gg,Strategy/tactics/RPG games,Lead with the free tactical hex-grid RPG,36-track OST,and transmedia universe (webtoon + books) as a unique indie discovery angle.,GAMES,
MegaMogwai,@MegaMogwai,YouTube,,megamogwai@expansion.gg,Card games and deckbuilding,Lead with the free tactical hex-grid RPG,36-track OST,and transmedia universe (webtoon + books) as a unique indie discovery angle.,GAMES,
Indie Game Pulse,@IndieGamePulse,YouTube,,indiegamepulse@gmail.com,Indie game discovery/news,Lead with the free tactical hex-grid RPG,36-track OST,and transmedia universe (webtoon + books) as a unique indie discovery angle.,GAMES,
Davidvinc RPGs,@davidvinc,YouTube,,Davidvinc@gmail.com,JRPGs / RPG recommendations,Lead with the free tactical hex-grid RPG,36-track OST,and transmedia universe (webtoon + books) as a unique indie discovery angle.,GAMES,
Library of a Viking,@LibraryofaViking,YouTube,,libraryofaviking@blackbulb.com,Epic fantasy/sci-fi book reviews,Pitch the free SFF action book series with webtoon art,tactical RPG tie-in,and original soundtrack at illusionfight.com.,BOOKS,
Thoughts on Tomes,@ThoughtsOnTomes,YouTube,,thoughtsontomes@gmail.com,Fantasy book discussions,Pitch the free SFF action book series with webtoon art,tactical RPG tie-in,and original soundtrack at illusionfight.com.,BOOKS,
Captured in Words,@CapturedInWords,YouTube,,capturedinwords@outlook.com,Fantasy books and adaptations,Pitch the free SFF action book series with webtoon art,tactical RPG tie-in,and original soundtrack at illusionfight.com.,BOOKS,
Taking20,@Taking20,YouTube,,takingd20@gmail.com,TTRPG/D&D advice and discussion,Lead with the free tactical hex-grid RPG,36-track OST,and transmedia universe (webtoon + books) as a unique indie discovery angle.,GAMES,
GameSpot,@gamespot,YouTube,,news@gamespot.com,Gaming news/reviews/guides,Submit press release: free transmedia indie action universe spanning webtoon,books,tactical RPG,and 36-track OST by solo creator over 23 years.,PRESS,
IGN,@ign,YouTube,,tips@ign.com,Gaming/entertainment/pop culture,Submit press release: free transmedia indie action universe spanning webtoon,books,tactical RPG,and 36-track OST by solo creator over 23 years.,PRESS,
Kotaku,@Kotaku,YouTube,,tips@kotaku.com,Gaming/geek culture news,Submit press release: free transmedia indie action universe spanning webtoon,books,tactical RPG,and 36-track OST by solo creator over 23 years.,PRESS,
ScreenRant,@ScreenRant,YouTube,,pr@screenrant.com,Movies/TV/comics/gaming news,Submit press release: free transmedia indie action universe spanning webtoon,books,tactical RPG,and 36-track OST by solo creator over 23 years.,PRESS,
Destructoid,@DTOID,YouTube,,press@destructoid.com,Gaming news/reviews,Submit press release: free transmedia indie action universe spanning webtoon,books,tactical RPG,and 36-track OST by solo creator over 23 years.,PRESS,
Polygon,@Polygon,YouTube,,tips@polygon.com,Gaming/comics/pop culture,Submit press release: free transmedia indie action universe spanning webtoon,books,tactical RPG,and 36-track OST by solo creator over 23 years.,PRESS,
ComicBook.com,@ComicBookDotCom,YouTube,,tips@comicbook.com,Comics/gaming/anime news,Submit press release: free transmedia indie action universe spanning webtoon,books,tactical RPG,and 36-track OST by solo creator over 23 years.,PRESS,
GameRant,@GamerantOfficial,YouTube,,pr@gamerant.com,Gaming news/reviews,Submit press release: free transmedia indie action universe spanning webtoon,books,tactical RPG,and 36-track OST by solo creator over 23 years.,PRESS,
WEBTOON,@webtoons,YouTube,,webtoonpress@webtoon.com,Webcomic/webtoon platform press/media,Submit press release: free transmedia action universe with webtoon,books,tactical RPG,and 36-track OST at illusionfight.com.,PRESS,
The Indie Game Cafe,@indiegamecafe,Substack,,theindiegamecafe@gmail.com,Indie game discovery/recommendations,Pitch the free indie tactical hex-grid RPG with 36-track OST,webtoon,and book series -- uniquely positioned as a transmedia indie project built by solo creator over 23 years.,GAMES,
Tabletop Tunes,@tabletoptunespod,Podcast,,TabletopTunesPod@gmail.com,TTRPG improv musical podcast,Lead with the free tactical hex-grid RPG and transmedia universe (webtoon + books + 36-track OST) as a unique angle for their TTRPG-focused audience.,GAMES,
Fantasy Book Cafe,@fantasybookcafe,Blog,,kristen@fantasybookcafe.com,Fantasy/sci-fi book reviews,Pitch the free SFF book series (action fantasy with webtoon art,tactical RPG tie-in,and original soundtrack) available free at illusionfight.com.,BOOKS,
Anime News Network,@animenewsnetwork,Web,,press@animenewsnetwork.com,Anime/manga industry news,Submit press release: free indie webtoon-to-transmedia action universe with manga-style art,tactical RPG,36-track OST,and book series by solo creator over 23 years.,PRESS,
The Comics Journal,-,Website / Newsletter,-,editorial@tcj.com,Comics criticism,manga,graphic novels,Free webtoon-first action universe with books,tactical RPG,and OST as a creator-owned comics story.,PRESS,US
Comic Watch,-,Website,-,mike@comic-watch.com,Comics news,reviews,anime,crowdfunding comics,Pitch Illusion Fight as a free action webtoon/comics project with cross-media game,prose,and OST hooks.,PRESS,US
Fanboy Planet,@FanboyPlanet,Website / Podcast,-,editor@fanboyplanet.com,Comics,movies,TV,and geek-culture reviews,Lead with the webtoon/comics discovery angle and the solo-developer transmedia story.,PRESS,US
Sequential Tart,@seqtart,Webzine / Facebook,~800 Facebook,info@sequentialtart.com,Comics industry webzine,webcomics,manga,and pop culture,Pitch the free webtoon and webcomics side,emphasizing creator-owned action lore and accessible English reading.,WEBTOON/MANGA,US
ICv2,@ICv2,Website / Trade publication,-,help@icv2.com,Geek culture business,comics,manga,anime,hobby games,Pitch the trend angle: free creator-owned universe spanning webtoon,prose,tactical RPG,and soundtrack.,PRESS,US
SOLRAD,@SOLRADmag,Online comics magazine,-,publisher@solrad.co,Comics criticism,interviews,webcomics,indie comics,Offer Illusion Fight as a free webcomic/webtoon discovery and creator-owned cross-media comics case study.,WEBTOON/MANGA,US
Six One Indie,@sixoneindie,Website / YouTube / Showcase,-,hello@sixoneindie.com,Indie game news,reviews,and showcases,Position the free tactical RPG as a showcase-friendly indie tied to a larger webtoon/book universe and OST.,GAMES,US
Crit Academy,@critacademy,Podcast / YouTube / Website,-,critacademy@gmail.com,Dungeons and Dragons advice,TTRPG product reviews,RPG design,Pitch the tactical combat,faction lore,and free soundtrack as RPG table inspiration and design discussion material.,GAMES,US
Total Party Thrill,@TPTcast,Podcast / YouTube,-,totalpartythrill@gmail.com,RPG advice,campaign discussion,tabletop storytelling,Pitch Illusion Fight as a free tactical setting with faction drama,lore,and music for RPG-minded audiences.,GAMES,US
Dungeon Masters Block,@DMs_Block,Podcast / Podbean,3.9M downloads,dungeonmasterblock@gmail.com,Dungeon Master advice,TTRPG worldbuilding,RPG culture,Offer the setting,factions,tactical encounters,and OST as free inspiration for DMs and worldbuilders.,GAMES,US
Washington Independent Review of Books,@WIRoBooks,Website / Newsletter,-,voice@wirobooks.com,Book reviews,author features,literary coverage,Pitch a feature/interview about one solo creator building a free SFF universe across prose,webtoon,game,and music.,BOOKS,US
Independent Book Review,-,Website / Book review platform,-,indiebookview@gmail.com,Indie and self-published book reviews,Send the free action-SFF book series as an indie review target with optional webtoon/game/OST context.,BOOKS,US
Foreword Reviews,@forewordreviews,Magazine / Website,300K readers annually,ebooks+magazine@forewordreviews.com,Indie book reviews and publishing coverage,Submit the SFF book series review package and highlight the free cross-media universe.,BOOKS,US
Midwest Book Review,-,Website / Review publications,-,mbr@execpc.com,Small press and independent book reviews,Pitch the free English SFF book series as indie/small-press review material with digital access.,BOOKS,US
Reader Views,@reader_views,Website / Review service,-,indies@readerviews.com,Independent author book reviews,interviews,awards,Pitch an indie author interview/review angle around a free SFF universe built across four media formats.,BOOKS,US
Comicstorian,@Comicstorian,YouTube,3.12M,Comicstorian@gmail.com,Comic book audiobooks/storytelling,Pitch free action webtoon universe for comic audiobook format - original IP with game/book/OST tie-ins,WEBTOON/MANGA,US
CohhCarnage,@CohhCarnage,YouTube/Twitch,1M,Business@Cohh.tv,Gaming/streaming/tactical RPG,Free indie tactical hex-grid RPG with deep universe - streaming coverage/review,GAMES,US
Boing Boing,@BoingBoing,Website,5M+ monthly,tips@boingboing.net,Geek/DIY/culture blog,Solo creator 23-year transmedia project - perfect DIY creator story pitch for geek culture audience,PRESS,US
Giant Bomb,@giantbomb,Website/Podcast,500K+,tips@giantbomb.com,Game reviews/previews/culture,Free indie tactical RPG quick-look feature pitch - solo dev story with transmedia universe,GAMES,US
The Wild Webcomic Review,@wildwebcomicreview,Blog,-,wildwebcomicreviewer@gmail.com,Webcomic reviews,Pitch Illusion Fight as a free action webtoon with deep lore; ask for a review or feature.,WEBTOON/MANGA,US
Comics Worth Reading,@comicsworthreading,Blog,-,johanna@comicsworthreading.com,Comic and graphic novel reviews,Submit the webtoon and book series as an indie transmedia project for review consideration.,WEBTOON/MANGA,US
WWAC (Women Write About Comics),@womenwriteaboutcomics,Website,-,contact@womenwriteaboutcomics.com,Comics criticism and webcomic culture,Pitch the webtoon as a free entry point to a larger action universe with book and RPG tie-ins.,WEBTOON/MANGA,US
OtakuWire,@otakuwire,Website,-,contact@otakuwire.net,Anime news and culture,Send a press release about the free anime-inspired webtoon,tactical RPG,and 36-track OST.,WEBTOON/MANGA,US
Anime Fever Blog,@animefeverblog,Blog,-,contact@animefeverblog.com,Shonen anime and manga,Offer the free webtoon and soundtrack as a discovery piece for shonen action fans.,WEBTOON/MANGA,US
The Anime View,@theanimeview,Blog,-,pswtheanimeview@gmail.com,Anime reviews and discussions,Pitch the free action webtoon and book series for review; mention the tactical RPG and OST.,WEBTOON/MANGA,US
Campione Anime,@campianime,Blog,-,campianime@gmail.com,Anime news and character discussions,Lead with the free webtoon and anime-style action universe; offer a creator interview angle.,WEBTOON/MANGA,US
Gamer.express,@gamerexpress,Website,-,hello@gamer.express,Gaming news and community,Pitch the free tactical RPG and its unique webtoon/book/OST universe for a feature or review.,GAMES,US
The Midcore Gamer,@themidcoregamer,Steam Curator,-,themidcoregamer@gmail.com,Indie and strategy game reviews,Send a free key for the tactical RPG; highlight the deep combat and free transmedia extras.,GAMES,US
Review Indie Games,@reviewindiegames,Steam Curator,-,reviewindiegames@gmail.com,Indie game reviews,Pitch the free tactical RPG as an indie title with a complete story universe and soundtrack.,GAMES,US
New Game Network,@newgamenetwork,Website,-,quinn.hall@newgamenetwork.com,Indie and AAA game reviews,Submit the free tactical RPG for review; emphasize the solo creator and transmedia world.,GAMES,US
Late Nights with Good Books,@latenightswithgoodbooks,Blog,-,latenightswithgoodbooks@gmail.com,YA and fantasy book reviews,Submit the free SFF book series; highlight the webtoon and RPG as expanded universe content.,BOOKS,US
Books. Fantasy. Fandom.,@booksfantasyfandom,Blog,-,booksfantasyfandom@gmail.com,Fantasy book reviews and fandom,Pitch the free action fantasy book series; mention the webtoon and OST as companion pieces.,BOOKS,US
The Nasty Table,@thenastytable,Podcast,-,TheNastyTable@gmail.com,TTRPG actual play,Pitch the free tactical RPG as a campaign setting; offer the lore,factions,and soundtrack.,GAMES,US
Level Up Your Gaming,@levelupyourgaming,Podcast,-,levelupyourgamingpodcast@gmail.com,Tabletop RPG discussion,Frame the tactical RPG and worldbuilding as material for RPG culture discussion.,GAMES,US
Even Footing Games,@evenfootinggames,Podcast,-,evenfootinggames@gmail.com,TTRPG actual play and game design,Offer the free tactical RPG and OST as a resource for actual-play and game design conversations.,GAMES,US
Solo RolePlayers Podcast,@soloroleplayers,Podcast,-,soloroleplayerspodcast@gmail.com,Solo TTRPG actual play,Pitch the free tactical RPG and its solo-friendly world as a perfect fit for solo RPG audiences.,GAMES,US
Panel Patter,@panelpatter,Blog / Substack,-,trebro@gmail.com,Independent comics,webcomics,small-press reviews,Send a webtoon-first review pitch focused on creator-owned indie comics energy and the free transmedia bundle.,WEBTOON/MANGA,US
Comic Book Squares,@comicbooksquares,Podcast / YouTube,-,comicbooksquares@gmail.com,Independent comics reviews and creator interviews,Pitch Illusion Fight as a free indie webtoon/comics project with books,tactical RPG,and original soundtrack as extra discovery hooks.,WEBTOON/MANGA,US
Comic Book Yeti,@ComicBookYeti,Website / Podcast,-,thecomicsyeti@gmail.com,Indie comics news,interviews,and creator features,Avoid a review request; pitch the solo-creator and free transmedia build story as an interview or indie comics feature.,WEBTOON/MANGA,US
I Read Comic Books,@ircbpodcast,Podcast,-,ircbpodcast@gmail.com,Comic book discussion,reviews,guest interviews,Offer a guest/interview pitch around a free action webtoon that expands into books,tactical gameplay,and music.,WEBTOON/MANGA,US
Razorcake Webcomics,@razorcake_zine,Zine / Website,~6.4K circulation,razorcakewebcomics@gmail.com,DIY culture,punk zine,webcomics,Pitch the free webtoon as a creator-owned DIY comics project with a 23-year solo-development story.,WEBTOON/MANGA,US
Comic Book Club News,@comicbookclublive,Website / Podcast,~301 Apple reviews,comicbookclublive@gmail.com,Comics news,reviews,interviews,and live podcasting,Pitch the webtoon as a free comics discovery story and offer a creator interview about the 23-year solo-built universe.,WEBTOON/MANGA,US
First Issue Club,@FirstIssueClubPodcast,Podcast / Website,-,first.issue.club.podcast@gmail.com,First issues,new comics,indie comics discovery,Frame Illusion Fight as an easy first-issue-style entry point: free webtoon first,then books,RPG,and OST.,WEBTOON/MANGA,US
The Short Box Podcast,@theshortboxpod,Podcast / Website,-,theshortboxjax@gmail.com,Comic books,pop culture,creator interviews,Pitch a comics-podcast interview around a free action webtoon with tactical RPG and soundtrack extensions.,WEBTOON/MANGA,US
War Rocket Ajax,@warrocketajax,Podcast,-,warrocketpodcast@gmail.com,Comics,pop culture,creator interviews,Offer a creator/interview angle about the long solo process behind a free webtoon,book series,game,and soundtrack.,WEBTOON/MANGA,US
Anime World Order,@AWOPodcast,Podcast,~34.9K listeners,animeworldorder@gmail.com,Anime and manga reviews,long-running anime podcast,Lead with anime-inspired factions,action-lore,the free webtoon starter path,and the 36-track OST.,WEBTOON/MANGA,US
Ghost in the Cloud,@gitcanime,Podcast / YouTube,-,gitcanime@gmail.com,Anime,manga,and geek culture discussion,Pitch Illusion Fight as a free anime-action universe with webtoon,books,tactical RPG,and music ready to sample.,WEBTOON/MANGA,US
Shojo and Tell,@shojoandtell,Podcast,~5K listeners,shojoandtell@gmail.com,Shojo and josei manga analysis,Position the webtoon and book series as a free manga-adjacent universe with character drama,factions,and serialized story depth.,WEBTOON/MANGA,US
Manga Machinations,@mangamacpodcast,Podcast,-,mangamachinations@gmail.com,Manga reviews,manga recommendations,reading discussions,Pitch Illusion Fight as a free manga-style action webtoon with prose depth,tactical game systems,and a soundtrack layer.,WEBTOON/MANGA,US
The One Piece Podcast,@OnePiecePodcast,Podcast / Website,-,onepiecepodcast@gmail.com,Anime and manga discussion,long-form weekly fandom podcast,Pitch the action-lore,factions,and free webtoon as a shonen-friendly discovery,with books,RPG,and OST as bonus hooks.,WEBTOON/MANGA,US
Yet Another Anime Podcast,@YetAnoAniPod,Podcast,-,yetanotheranimepodcast@gmail.com,Anime discussion,seasonal anime,shonen and seinen fandom,Offer Illusion Fight as a free anime-inspired action universe that gives listeners webtoon,books,tactical RPG,and soundtrack in one place.,WEBTOON/MANGA,US
AnimEighties,@AnimEighties,YouTube / Podcast,-,animeighties@gmail.com,Retro anime discussion and anime fandom,Frame the universe around classic anime action energy,faction conflict,and an original OST available free with the webtoon and books.,WEBTOON/MANGA,US
A Week in Geekdom,@AWeekInGeekdom,YouTube,-,aweekingeekdom@gmail.com,Anime reviews,geek culture,and fandom commentary,Pitch a free anime-inspired webtoon and story universe with tactical game and music hooks for geek culture viewers.,WEBTOON/MANGA,US
Third Impact Anime,@TI_Anime,Podcast / Website,-,thirdimpactanime@gmail.com,Anime reviews,convention panels,anime fandom discussion,Lead with anime-inspired storytelling,free access,and a panel-friendly creator story about 23 years building one universe.,WEBTOON/MANGA,US
Anime Field Guide,@treehouseanimepod,Podcast,-,animefieldguide@gmail.com,Anime podcast,anime fandom,manga-adjacent discussion,Pitch the webtoon as a free anime-style entry point,then offer books,tactical RPG,and OST as a full listener starter pack.,WEBTOON/MANGA,US
Undisputed Anime,@UndisputedAnime,Podcast / YouTube,-,undisputedanime@gmail.com,Anime reviews,manga coverage,fandom discussion,Position Illusion Fight as a free anime and manga-adjacent action universe with a ready-made webtoon,books,game,and OST.,WEBTOON/MANGA,US
The Indie Informer,@Indie_Informer,Website / Newsletter,~2K X,hello@theindieinformer.com,Indie game discovery,reviews,and interviews,Pitch Illusion Fight as a free tactical RPG hidden gem with a full story universe and soundtrack attached.,GAMES,US
The CRPG Addict,@CRPGAddict,Blog,-,crpgaddict@gmail.com,CRPGs,classic RPGs,turn-based RPG analysis,Pitch the tactical RPG as a free modern indie RPG with old-school decision density and deep worldbuilding.,GAMES,US
GameSkinny,@GameSkinny,Website,-,contact@gameskinny.com,Game reviews,news,guides,indie games,Submit a concise press pitch for the free tactical RPG,emphasizing the 23-year solo-development and cross-media universe.,GAMES,US
Game of Life Podcast,@sophdeng,Podcast / Substack,-,golifepod@gmail.com,Game design,game culture,developer interviews,Offer an interview angle on building a free action universe across game systems,webtoon storytelling,prose,and soundtrack.,GAMES,US
The Library Ladies,@LibraryLadies,Blog,-,thelibraryladiesmn@gmail.com,Fantasy,YA,science fiction,and book reviews,Pitch the free SFF action book series as the primary review target,with the webtoon and soundtrack as optional companion material.,BOOKS,US
Autumn Turner,-,Kindle Book Review Reviewer,-,arh.turner@gmail.com,SFF,dystopian,urban fantasy,post-apocalyptic indie book reviews,Send a direct indie book review pitch for the free action SFF series with webtoon and game links as optional extras.,BOOKS,US
L.T. Patridge,-,Kindle Book Review Reviewer,-,ltpatridge@gmail.com,Fantasy,historical fiction,and indie book reviews,Pitch the free fantasy book series first,then mention the webtoon and soundtrack for added immersion.,BOOKS,US
Lizzie Ross,-,Kindle Book Review Reviewer,-,lizzierosswriter@gmail.com,Children fantasy,historical fantasy,and indie book reviews,Pitch the accessible free fantasy book series and visual webtoon companion as a low-friction review option.,BOOKS,US
The RPG Academy,@TheRpgAcademy,Podcast / Website,~3.6K YouTube,therpgacademy@gmail.com,Tabletop RPG advice,interviews,and gaming community,Offer an interview or mailbag pitch around translating faction drama and tactical encounters across webtoon,books,and RPG design.,GAMES,US
Murder Dice,@murderdice,Podcast,-,murderdicepodcast@gmail.com,Dungeons and Dragons actual play,RPG storytelling,tabletop fandom,Lead with faction drama,tactical encounters,and the 36-track OST as useful atmosphere for actual-play and RPG audiences.,GAMES,US
The Dragon Punch Squad,@DragonPunchSquad,Podcast,4.9 Apple / 19 reviews,dragonpunchsquad@gmail.com,Pathfinder actual play,fantasy RPG storytelling,Pitch the free tactical setting,character factions,and OST as campaign inspiration for fantasy actual-play listeners.,GAMES,US
Catie and Eriks Infinite Quest,@infinitequestpod,Podcast,-,infinitequestpodcast@gmail.com,Gaming,storytelling,TTRPG-adjacent episodes,Offer a light creator-story pitch about building a free action universe across webtoon,books,game,and soundtrack.,GAMES,US
Geeks OUT,@GeeksOUT,Website / Podcast / Community,-,info@geeksout.org,Geek culture,comics,games,fandom,community features,Pitch Illusion Fight as a free creator-owned geek culture project with anime-inspired art,tactical play,books,and music.,PRESS,US
FanBolt,@FanBolt,Website,-,emma@fanbolt.com,Fandom,geek culture,movies,TV,comics,gaming,Offer a pop-culture feature about a solo creator launching a free transmedia action universe after 23 years.,PRESS,US
GeekDad,@GeekDad,Website,-,askgeekdad@gmail.com,Geek culture,games,books,comics,family-friendly fandom,Pitch the free webtoon,book series,tactical RPG,and soundtrack as a no-cost geek discovery package.,PRESS,US
Game-News.co.uk,@game-news.co.uk,Website,-,marco@game-news.co.uk,Indie game news,Free transmedia indie universe,press release,PRESS,UK
Loot Level Chill,@LootLevelChill,Website,-,Adam@LootLevelChill.com,Indie game news/reviews,UK-based indie site,review & feature pitch,PRESS,UK
Video Games Chronicle,@VGC,Website,-,andy.robinson@videogameschronicle.com,Game news/reviews,Major UK outlet,press release & editorial pitch,PRESS,UK
Tabletop Sentinel,@tabletopsentinel,Website,-,contact@tabletopsentinel.com,Tabletop/RPG news,UK-based daily news,perfect for tactical RPG & worldbuilding angle,PRESS,UK
PopSize,@popsize,Website,-,press@popsize.co.uk,Pop culture,UK pop culture outlet,press release,PRESS,UK
Pocket Gamer,@pocketgamer,Website,-,reviews@pocketgamer.co.uk,Mobile/indie games,UK mobile gaming press,review pitch,PRESS,UK
VG247,@VG247,Website,-,contact@vg247.com,Video game blog,Major UK gaming blog,press release,PRESS,UK
Comic Book News UK,@comicbooknewsuk,Website,-,contact@comicbooknews.co.uk,UK indie comics,UK comics site,press release for webtoon & books,PRESS,UK
downthetubes,@downthetubes,Website,-,editor@downthetubes.net,UK comics/news,UK comics site,press release for webtoon,PRESS,UK
Anime News Network (UK),@animenewsnetwork,Website,-,uk-news@animenewsnetwork.com,Anime/manga news,UK-specific submissions for anime-inspired webtoon,PRESS,UK
Anime Lane,@AnimeLaneCast,Podcast,-,contact@plaintoastproductions.com,Anime podcast,UK anime podcast,pitch free anime-inspired webtoon & OST,WEBTOON/MANGA,UK
Hall of Comics Podcast,@HallOfComicsUK,Podcast,-,hallofcomicspodcastuk@gmail.com,Comics podcast,UK comics podcast,pitch webtoon & book series,WEBTOON/MANGA,UK
The Webtoon Room,@thewebtoonroom,Podcast,-,thewebtoonroom@gmail.com,Webtoon podcast,Perfect fit: webtoon-focused podcast,pitch Illusion Fight webtoon,WEBTOON/MANGA,UK
My Webtoon Journey,@MyWebtoonPod,Podcast,-,mywebtoonjourney@gmail.com,Webtoon podcast,Direct webtoon podcast,pitch the free webtoon & universe,WEBTOON/MANGA,UK
Once Upon a Bookcase,@onceuponabookcase,Blog,-,onceuponabookcase@gmail.com,Fantasy book reviews,UK fantasy blog,pitch free SFF book series,BOOKS,UK
Jellyfish Reads,@jellyfishreads,Blog,-,jellyfishreads@gmail.com,Book reviews,UK book blog,pitch free SFF book series,BOOKS,UK
Scattered Figments,@scatteredfigments,Blog,-,l-a-u-r-a@live.co.uk,Book reviews,UK book blog,pitch free SFF book series,BOOKS,UK
The Elifylop,@elifylop,Blog,-,elifylop@hotmail.co.uk,Book reviews,UK reviewer,pitch free SFF book series,BOOKS,UK
SFF Addicts,@sffaddicts,Podcast,-,sffaddictspod@gmail.com,SFF book podcast,UK-based SFF podcast,pitch free book series & transmedia angle,BOOKS,UK
Fantasy Writers' Toolshed,@fantasywriterstoolshed,Podcast,-,thefantasywriterstoolshed@gmail.com,Fantasy writing podcast,UK-based,pitch worldbuilding & transmedia story,BOOKS,UK
Dear Fantasy Reader,@dearfantasyreader,Podcast,-,dearfantasyreaderpod@gmail.com,Fantasy book podcast,UK-based fantasy podcast,pitch book series,BOOKS,UK
Quick Book Reviews,@quickbookreviews,Podcast,-,quickbookreviews@outlook.com,Book reviews,UK book podcast,pitch free SFF book series,BOOKS,UK
Fluff N Crunch,@fluffncrunch,Podcast,-,fluffncrunch@tutanota.com,TTRPG podcast,UK-based TTRPG podcast,pitch tactical RPG & worldbuilding,GAMES,UK
Table-Top Talk,@tabletopTalk,Podcast,-,topofthetable2ya@gmail.com,TTRPG podcast,UK TTRPG podcast,pitch tactical RPG & free universe,GAMES,UK
Roll to Save,@rolltosave,Podcast,-,rolltosavepod@gmail.com,TTRPG podcast,UK RPG podcast,pitch tactical RPG & free universe,GAMES,UK
Beat British,@beatbritish,Podcast,-,theguys@beatbritish.co.uk,Gaming podcast,UK gaming podcast,pitch indie tactical RPG,GAMES,UK
All About Strategy Games,@allaboutstrategygames,Steam Curator,-,allaboutstrategygames@gmail.com,Strategy/turn-based games,Steam curator,perfect for free tactical hex-grid RPG,GAMES,UK
Indie-Credible,@indiecredible,Podcast,-,Podcast@indie-credible.com,Indie game podcast,UK indie game podcast,pitch free tactical RPG & transmedia,GAMES,UK
The Computer Game Show,@tcgs,Podcast,-,podcast@tcgs.co,UK gaming podcast,UK gaming podcast,pitch indie tactical RPG & OST,GAMES,UK
TheXboxHub,@TheXboxHub,Website / YouTube,-,neil@thexboxhub.com,Xbox,PC and indie game reviews,Pitch the free tactical hex-grid RPG as a reviewable indie discovery,GAMES,UK
Thumb Culture,@Thumb_culture,Website,-,enquiries@thumbculture.co.uk,Gaming news,reviews,hardware and indie coverage,Send a concise review pitch for the free tactical RPG,GAMES,UK
Rapid Reviews UK,@rapidreviewsuk,Website,-,editor@rapidreviewsuk.com,Video game and tech reviews in the UK,Lead with a quick-review angle: free tactical RPG,GAMES,UK
GamingOnLinux,@gamingonlinux,Website / Steam Curator,30K+ Steam followers,contact@gamingonlinux.com,Linux and Steam Deck gaming news,reviews and guides,Offer a Linux/Steam Deck-friendly discovery pitch,GAMES,UK
Xbox Tavern,@XboxTavern,Website / Podcast,1.5K Facebook,cloud@xboxtavern.com,Xbox reviews,features,interviews and ID@Xbox games,Pitch the free tactical RPG as an indie review,GAMES,UK
NookGaming,@NookSite,Website / Steam Curator,220 Steam followers,contact@nookgaming.com,Anime games,JRPGs,visual novels,indie games and manga-adjacent coverage,Lead with the anime-inspired tactical RPG,webtoon,book series and OST,GAMES,UK
Movies Games and Tech,@moviesgamestek,Website / YouTube,-,andrew@moviesgamesandtech.com,Games,tech,reviews,guides and entertainment,Pitch the free tactical RPG and transmedia universe,GAMES,UK
GamePitt,@GamePittReviews,Website / OpenCritic,-,press@gamepitt.co.uk,Detailed reviews for AAA,niche and indie games,Send the tactical RPG for review consideration,GAMES,UK
Game People,-,Website,-,editor@gamepeople.co.uk,Personal and niche video game reviews,Pitch Illusion Fight as a personal-story game review,GAMES,UK
Otaku News,@otaku_news,Website / Bluesky,4K X followers,webmaster@otakunews.com,Anime,manga,Japanese pop culture and fan news,Send a webtoon-first press pitch with anime-style action,WEBTOON/MANGA,UK
Anime Freshmen,@AnimeFreshmen,Podcast / YouTube / Instagram,-,hello@animefreshmen.com,Anime podcast and London-based anime discussion platform,Offer a podcast discovery/interview angle,WEBTOON/MANGA,UK
The Eloquent Page,-,Book review blog,-,admin@theeloquentpage.co.uk,Fantasy,science fiction,horror and genre fiction reviews,Pitch the free SFF action book series as the primary review target,BOOKS,UK
Becky's Book Blog,@CrooksBooks,Book review blog,2K+ subscribers,Rebecca.Crook@hotmail.co.uk,Fantasy,horror,speculative fiction,adult and YA reviews,Send a focused SFF/fantasy review request for the book series,BOOKS,UK
BookLore,-,Book review website,-,submissions@booklore.co.uk,Independent UK book review site,Submit the free action-fantasy book series as a digital review package,BOOKS,UK
Track of Words,@track_of_words,SFF review blog,474 subscribers,michael@trackofwords.com,Science fiction,fantasy,horror reviews,interviews and guest posts,Pitch an interview or feature about building one SFF universe,BOOKS,UK
SFBook,@sfbook,Book review website,-,ant@sfbook.com,Science fiction,fantasy,horror and speculative fiction reviews,Send a clean SFF review pitch for the free book series,BOOKS,UK
Dead Girl Reads,@deadgirlreads,Book review blog / Instagram,-,dg182uk@gmail.com,Fantasy,dark fantasy,horror and speculative book reviews,Offer the free action-SFF book series for review,BOOKS,UK
The Good Friends of Jackson Elias,@GoodFriendsOfJE,Podcast / Patreon,1.2K+ Patreon members,submissions@blasphemoustomes.com,Call of Cthulhu,horror gaming,weird fiction and roleplaying games,Pitch the worldbuilding,factions and soundtrack as RPG/horror-adjacent discussion material,GAMES,UK
The Smart Party,@the_smart_party,Podcast / YouTube,-,thesmartparty@hotmail.com,UK RPG podcast,GM advice and tabletop roleplaying discussion,Offer a design-discussion pitch about tactical encounters,GAMES,UK
Hell or High Rollers,@hellorhighpod,Podcast / Acast,-,hellorhighrollerspodcast@gmail.com,British D&D actual-play comedy podcast,Pitch the free tactical RPG,lore,factions and 36-track OST,GAMES,UK
Broken Frontier,@brokenfrontier,Website / Newsletter,-,reviews@brokenfrontier.com,Comics,graphic novels,indie comics and creator-owned material,Submit the webtoon as a free creator-owned comics project,WEBTOON/MANGA,UK
Pipedream Comics,@pipedreamcomics,Website / X / Instagram,827 Facebook,pipedreamcomicsuk@gmail.com,Indie,small press and digital comics,Send a webtoon-first review pitch highlighting free digital access,WEBTOON/MANGA,UK
Get Your Comic On,@getyourcomicon1,Website / Podcast,295K monthly visitors,neil@getyourcomicon.co.uk,Comics,movies,TV,anime,gaming and pop culture,Offer a pop-culture feature about a free creator-owned action universe,PRESS,UK
SFcrowsnest,@SFcrowsnest,Website / Magazine,-,gfwillmetts-2@hotmail.co.uk,Science fiction,fantasy,horror,anime,manga,games and RPG coverage,Submit a compact press/review query for the free SFF book series,BOOKS,UK
Turn Based Lovers,@turnbasedlovers,Website + YouTube,~15K YouTube,contact@turnbasedlovers.com,Turn-Based / Strategy RPGs,Perfect niche fit - tactical hex-grid RPG is their exact coverage zone; send press kit and key,GAMES,US
Siliconera,@siliconera,Website,Gamurs Group network,tips@siliconera.com,Japanese Gaming / Anime / RPGs,Pitch the game and webtoon as anime-adjacent indie project with tactical RPG gameplay,GAMES,US
Anime Corner,@animecorner_ac,Website + Social,~200K+ across platforms,business@animecorner.me,Anime / Manga News,Pitch the webtoon and OST as anime-adjacent content with manga-inspired art,WEBTOON/MANGA,US
Fangoria (Editorial),@fangoria,Magazine / Website,established 1979,editorial@fangoria.com,Horror / Dark Fantasy Culture,Pitch the grimdark/dark fantasy angle of the universe for feature coverage,PRESS,US
David Crow (Den of Geek),@denofgeek,Website,10M+ monthly readers,dcrow@denofgeek.com,Geek Culture / Movies / Games,Senior Editor-At-Large - pitch the transmedia universe angle,PRESS,US
Matthew Sullivan-Pond (Den of Geek),@denofgeek,Website,10M+ monthly readers,msullivan@denofgeek.com,Geek Culture / Publishing,Publisher - pitch the book series and transmedia universe for feature,PRESS,US
Chris Longo (Den of Geek),@denofgeek,Website,10M+ monthly readers,clongo@denofgeek.com,Geek Culture / Games / Comics,Chief Creative Officer - pitch the entire transmedia ecosystem,PRESS,US
Alec Bojalad (Den of Geek),@denofgeek,Website,10M+ monthly readers,abojalad@denofgeek.com,Geek Culture / TV / Features,Managing Editor - pitch interview/feature on 23-year universe building,PRESS,US
Destructoid,@destructoid,Website,established 2006,tips@destructoid.com,Indie Gaming / RPGs,Submit press release with fun hook as they request; highlight indie tactical RPG,GAMES,US
Anime News Network (Editors),@animenewsnetwork,Website,largest anime news,editors@animenewsnetwork.com,Anime / Manga Industry News,Pitch the webtoon series to editorial team for news/feature consideration,PRESS,US
Anime News Network (Interest),@animenewsnetwork,Website,largest anime news,interest@animenewsnetwork.com,Anime / Manga Interest Features,Pitch webtoon as interest piece - Brazilian action universe hitting global audiences,WEBTOON/MANGA,US
Anime News Network (Advertising),@animenewsnetwork,Website,largest anime news,advertising@animenewsnetwork.com,Anime Industry Advertising,Explore ad/promotional partnership to reach anime/manga reader demographic,PRESS,US
Fangoria (Info),@fangoria,Magazine / Website,established 1979,info@fangoria.com,Horror / Dark Fantasy General Inquiries,General press introduction for the dark fantasy universe,PRESS,US
Fangoria (Advertising),@fangoria,Magazine / Website,established 1979,advertising@fangoria.com,Horror Culture Advertising Partnership,Explore ad/promotional partnership for the dark fantasy brand,PRESS,US
God is a Geek,@godisageek,Website / Podcast,~80K monthly readers,pressreleases@godisageek.com,UK indie game reviews,news,features,Pitch the solo dev 23-year journey angle with tactical hex-grid RPG + 36-track OST,GAMES,UK
God is a Geek (Editorial),@godisageek,Website,~80K monthly readers,contact@godisageek.com,UK games press editorial,Alternative contact for general pitching about the free action universe,GAMES,UK
GamesIndustry.biz,@GIBiz,Website / Newsletter,130K+ registered users,contact@gamesindustry.biz,B2B games industry news,analysis,business,Pitch the business story: 23 years of solo development - one creator built a free transmedia universe,PRESS,UK
PocketGamer.biz (Craig Chapple),@craigchapple,Website / Newsletter,B2B mobile gaming,craig.chapple@steelmedianetwork.com,Head of Content at PocketGamer.biz - mobile games B2B,Pitch the mobile-friendly webtoon + game crossover as an indie case study,PRESS,UK
PocketGamer.biz (Paige Cook),@Paige_Cook_,Website,B2B mobile gaming,paige.cook@steelmedianetwork.com,Deputy Editor at PocketGamer.biz - mobile gaming,Free action universe spans webtoon (mobile-native),book series and tactical RPG,PRESS,UK
PocketGamer.biz (Aaron Astle),@aaronastle,Website,B2B mobile gaming,aaron.astle@steelmedianetwork.com,News Editor at PocketGamer.biz - mobile games,News-worthy angle: Solo dev launches free tactical RPG + webtoon after 23 years,PRESS,UK
RPG Site,@RPGSite,Website / Podcast,Major RPG publication,contact@rpgsite.net,RPG news,reviews,features - tactical,turn-based,JRPGs,Direct niche fit - tactical hex-grid RPG is exact coverage area,GAMES,UK
Nintendo Insider,@ninsider,Website,Featured on Metacritic,OpenCritic,alex.seedhouse@nintendo-insider.com,Nintendo-focused news,reviews,indie coverage,Indie games get strong coverage here. Pitch the Nintendo-friendly art style,GAMES,UK
Film Stories,@filmstories,Website / Magazine / Podcast,UK film magazine,simon@filmstories.co.uk,UK film magazine covering movies,games,TV,Pitch the transmedia storytelling angle - book series,webtoon,OST and game,PRESS,UK
Entertainment Focus,@entfocus,Website,UK entertainment site,info@entertainment-focus.com,UK arts,lifestyle,games and tech,music reviews,36-track OST adds a music angle that their music desk can also cover,GAMES,UK
Arcade Attack,@arcadeattackUK,Podcast / Website / YouTube,UK retro gaming podcast,info@arcadeattack.co.uk,UK retro gaming podcast,interviews,retro console coverage,23-year solo dev journey has deep retro gaming roots. Pitch the lifelong gamer story,GAMES,UK
PowerUps,@PowerUps_ES,Website/X,~6K X,contacto@powerups.es,Indie and retro gaming press in Spanish,Pitch the free hex-grid tactical RPG with webtoon,books and OST as a long-running indie universe,GAMES,Spain
playNOmore,-,Website,-,prensa@playnomore.com,Argentine video game press,reviews and industry,Pitch free tactical game and 23-year solo creation with transmedia angle for Argentine gamer audience,GAMES,Argentina
ExtraGamers,-,Website/YouTube,-,contacto@extragamers.com.ar,Video game news,reviews and indies,Present Illusion Fight as free indie universe with tactical RPG,webtoon,books and OST,GAMES,Argentina
Press Over,@PressOverNews,Website/Podcast/Newsletter,~8K X,info@pressover.news,Spanish-language game journalism and industry,Focus on solo development case and free universe as Latin American indie industry story,GAMES,Argentina
Atomix / Alberto Desfassiaux,@Atomix,Website,-,alberto.defa@prowell.media,Mexican video game press and gamer culture,Editorial pitch about free tactical RPG with anime DNA,books and original soundtrack,GAMES,Mexico
Todas Gamers,@todasgamers,Website/Podcast,-,todasgamers@gmail.com,Spanish video game criticism and culture,Send pitch of free indie tactical game with worldbuilding and no-cost entry,GAMES,Spain
AnaitGames / Victor Martinez,@anaitgames,Website/Podcast,~32K X,victor.martinez@anaitgames.com,Video game criticism,indies and culture media,Present the project as an independent rarity: tactical RPG,webtoon,books and OST created by one person,GAMES,Spain
Nintenderos,@Nintenderos,Website/Forum,-,press@nintenderos.com,Nintendo news,anime and gaming community,Propose coverage of free tactical RPG and anime-friendly universe with ready material for Japanese game readers,GAMES,Spain
Hobby Consolas,@hobby_consolas,Website/Magazine,-,hobbyconsolas@henneomagazines.com,Generalist video game and entertainment press,Send brief note highlighting free game,36-track OST and 23-year development story,PRESS,Spain
Comunidad Xbox,@ComunidadXbox,Website/Podcast,-,web@comunidadxbox.com,Xbox community and press in Spanish,Pitch of tactical RPG as free-to-play indie discovery with complete narrative universe,GAMES,Spain
Areajugones,@Areajugones,Website/Social,-,contacto@areajugones.com,Video games,anime,film,series and pop culture,Focus the crossover between anime,tactical game,webtoon and books as transmedia pop culture content,PRESS,Spain
GamerFocus,@GamerFocus,Website,-,contacto@gamerfocus.co,Colombian video game,anime and pop culture media,Pitch free tactical RPG as indie discovery for Colombian gamer readers,with webtoon and OST as extras,GAMES,Colombia
Malditos Nerds,@MalditosNerdsVX,YouTube/Website/Podcast,~30K Facebook,mdp@malditosnerds.com,Video games,pop culture,analysis and podcast,Present Illusion Fight as free gamer and otaku universe with Latin American solo creation angle,PRESS,Argentina
Missing Number,@MissingN,Website/Instagram,-,findus@missingnumber.com.mx,Video games,pop culture,reviews and creative stories,Pitch creative story: a free universe built over 23 years across tactical game,webtoon,books and music,GAMES,Mexico
El Vortex,@ElVortex,Website/YouTube/Podcast,-,contacto@elvortex.com,Geek culture,video games,comics,anime and pop culture,Propose a note or interview about the free transmedia universe and its appeal to Mexican gamer/otaku audience,PRESS,Mexico
Ramen Para Dos / David Jimenez,@RamenParaDos,Website/YouTube,-,david.jimenez@ramenparados.com,Anime and manga in Spanish,Pitch webtoon-first: action,factions and manga aesthetics with free entry and book/RPG/OST extras,WEBTOON/MANGA,Spain
koi-nya,@koinya,Website/X,-,koinya.net@gmail.com,Manga,anime and Japanese video games,Present Illusion Fight as free action webtoon with shonen/seinen DNA and associated tactical RPG,WEBTOON/MANGA,Spain
ANMTV Latinoamerica,@anmtvla,Website/Facebook,~20K Facebook,contactoanmtvla@gmail.com,Anime,manga,TV and Latin American otaku culture,Send note with anime/webtoon angle and free access for Latin American audience,WEBTOON/MANGA,Latin America
MultiAnime,@MultiAnimeMX,Website/Podcast/YouTube,~13K Facebook,contacto@multianime.com.mx,Anime,manga,gaming,film and geek culture,Pitch of free universe for anime and video game fans: webtoon,tactical RPG,books and OST,WEBTOON/MANGA,Mexico
Hanami Dango,@HanamiDangos,Blog/Twitch/Podcast,-,hanamidango.contacto@gmail.com,Anime,manga and Japanese culture association,Propose interview or webtoon recommendation as free anime-inspired work with material for otaku community,WEBTOON/MANGA,Spain
iLu,@iLuSioNzX,YouTube/Twitch,~177K Twitch,ilucontacto@gmail.com,Anime and manga creator in Spanish,Pitch webtoon recommendation and faction lore for discovery video content,WEBTOON/MANGA,Spain
Umaru-chan / Maddi,@Umaruchan,YouTube/Instagram,-,contactoumaruchan@gmail.com,Manga,anime and Japan content creator,Send direct access to webtoon and highlight free reading,anime component and book/OST extras,WEBTOON/MANGA,Spain
Niloa Gray,@NiloaGray,YouTube/Instagram,-,niloagray@gmail.com,BookTube,youth literature,fantasy and publishing news,Present the free saga as low-friction SFF reading with webtoon,tactical RPG and OST as complementary material,BOOKS,Spain
Windumanoth,@Windumanoth,Magazine/Website/Podcast,-,revista@windumanoth.com,Fantasy,science fiction and horror,Pitch free SFF books and transmedia worldbuilding process with webtoon,tactical RPG and soundtrack,BOOKS,Spain
El Templo de las Mil Puertas,@ElTemplo_Mil,Online Magazine,-,correo@eltemplodelasmilpuertas.com,Youth and fantasy literature magazine,Present the free saga as YA/SFF entry point with webtoon and tactical game as narrative ecosystem,BOOKS,Spain
ALCIFF,@alciff_chile,Website/YouTube/Community,~1.5K Facebook,alciffchile@gmail.com,Chilean science fiction and fantasy literature association,Propose the universe as free SFF worldbuilding case for Chilean fantasy and sci-fi community,BOOKS,Chile
Zona Negativa,@ZonaNegativa,Website/Podcast,-,info@zonanegativa.com,Comics,manga,film and geek culture,Pitch the webtoon as free action comic with expansion to books,tactical RPG and original music,PRESS,Spain
Tomos y Grapas,@tomosygrapas,Website/YouTube/Podcast,-,tomosygrapas@gmail.com,Comics,graphic novels and illustration,Propose webtoon/comic coverage of the project for its creator-owned and free transmedia approach,WEBTOON/MANGA,Spain
Rol Condados,-,Website/Podcast Directory,-,info@rolcondados.com,RPG community and podcast directory in Spanish,Focus the universe,factions and tactical RPG as inspiration material for RPG players and podcasters,GAMES,Spain
Rol de los 90,@roldelos90,Blog/Facebook/YouTube,~2.7K Facebook,roldelos90@gmail.com,RPG blog,reviews and role-playing history,Pitch the lore and tactical structure as resource for RPG players,with 36-track OST for atmosphere,GAMES,Spain
Ociofrik,-,Website,-,hola@ociofrik.com,Board games,RPG,video games,literature,comics,anime and manga,Present Illusion Fight as free geek package uniting tactical RPG,webtoon,fantasy and soundtrack,PRESS,Spain
Las Cosas que nos hacen Felices,-,Website,-,blogcosasfelices@gmail.com,Geek culture,comics,video games,literature and RPG,Pitch feature about free independent universe built over 23 years and ready to explore in multiple formats,PRESS,Spain
Monkeys Fighting Robots,@MonkeysFightingRobots,Website,-,info@monkeysfightingrobots.com,Comics,pop culture,geek news,US-based indie comics and pop culture outlet - pitch webtoon and transmedia universe,PRESS,US
Smash Pages (J.K. Parkin),@smashpages,Website,-,jkparkin@yahoo.com,Comics criticism and interviews,Editor - pitch webtoon and creator-owned comics universe with game/book/OST tie-ins,PRESS,US
Culturamas,@culturamas,Website,-,info@culturamas.com,Culture magazine covering books, comics, games, music, film,Pitch the book series and webtoon as independent transmedia cultural project,PRESS,Spain
Game It,@GameItES,Website,-,contacto@gameit.es,Spanish gaming news, reviews including indie, hardware analysis since 2007,Pitch free tactical hex-grid RPG as indie discovery with transmedia universe,GAMES,Spain
Vida Extra (Press),@vidaextra,Website (Webedia),Major site,prensa@vidaextra.com,Major Spanish gaming/entertainment covering games, anime, pop culture,Send press release highlighting free transmedia indie universe,PRESS,Spain
3DJuegos (Press),@3DJuegos,Website (Webedia),Major site,3djuegos-redaccion@webedia-group.com,Largest Spanish gaming website covering all platforms,Submit press release targeting RPG and Strategy coverage,PRESS,Spain
Vida Extra (General),@vidaextra,Website (Webedia),Major site,contacto@vidaextra.com,Spanish gaming/entertainment general contact,General pitch about free action universe project,PRESS,Spain
3DJuegos (General),@3DJuegos,Website (Webedia),Major site,contacto@3djuegos.com,Spanish gaming general contact,General pitch about free indie tactical RPG,PRESS,Spain
Nintenderos (Marketing),@Nintenderos,Website,-,marketing@nintenderos.com,Nintendo news, anime and gaming community (marketing contact),Marketing partnership pitch for free anime-inspired universe,GAMES,Spain
DeVuego Blog,@devuego,Blog,5000,redaccion@devuego.es,Indie game press Spain,Specialized in Spanish development; review and promotion of national indie games,GAMES,Spain
indie-o-rama,@indieorama,Digital Magazine,3000,info@indieorama.com,Indie game press,Alternative independent video game magazine with criticism and pop culture; niche audience,GAMES,Spain
ArsGames,@arsgames,Web/Newsletter,2000,info@arsgames.net,Indie games newsletter,Newsletter and web with indie game reviews; Spanish-speaking audience,GAMES,Spain
Animetion Talk,@animetiontalk,Blog,1500,animetiontalk@gmail.com,Anime/manga blog,Blog of anime and manga reviews and analysis; Spanish-speaking audience,WEBTOON/MANGA,Colombia
La Estanteria de Cho,@ChoHakkai,Blog,2000,laestanteriadecho@hotmail.com,Anime/manga/books,"Blog with reviews of anime, manga, comics and fantasy literature; Spanish audience",WEBTOON/MANGA,Spain
Cultura Geek Mexico,@cultrageekmx,Web,10000,contacto@culturageek.com.mx,Geek culture/press,"Geek culture, technology and video games portal; Mexican and LATAM audience",PRESS,Mexico
Sala Geek,@salageek,Web/Newsletter,20000,contacto@salageek.com,Geek culture/press,"Geek community with Geeky Weekly newsletter; covers anime, video games and technology",PRESS,Mexico
Mundo Anime,@mundoanime,Blog,5000,contact@mundoanime.com.ar,Anime/manga blog,"Argentine blog of anime reviews, analysis and news; Spanish-speaking audience",WEBTOON/MANGA,Argentina
Legion Anime,@legionanime,Blog,1000,contacto.legionanime@gmail.com,Anime/manga blog,"Blog of news, theories and reviews of anime and manga; Spanish-speaking community",WEBTOON/MANGA,Argentina
Gentokyo,@gentokyo,Blog,2000,info@gentokyo.moe,Anime/manga/Japanese culture,"Japanese pop culture blog (anime, manga, cosplay); Spanish-speaking audience",WEBTOON/MANGA,International
Shinime,@shinime,Blog,1000,contact@shinime.blog,Anime/manga blog,Blog of anime reviews and news; direct contact for collaborations,WEBTOON/MANGA,International
RPixel,@rpixel,Digital Magazine,8000,redaccion@revistapixel.com,Geek culture/press,"Geek culture portal with anime, manga and video games sections; Spanish edition",PRESS,Brazil
Mutamag,@mutamag,Digital Magazine,3000,contacto@mutamag.com,Culture/press,"Independent digital magazine on technology, politics and culture; Spanish-speaking audience",PRESS,Argentina
Mermelada de Juegos,@mermeladadejuegos,Podcast/Community,2000,ludica@mermeladadejuegos.org,Indie games/podcast,"Podcast and community of game creation (video games, RPG, board games); geek audience",GAMES,Mexico
FicRol,@ficrol,Social Network/App,5000,contacto@ficrol.com,Roleplaying/tabletop RPG,Spanish-language narrative roleplay social network; community of story creators,GAMES,International
Eurogamer Espana,@eurogamer_es,Web,-,prensa@eurogamer.es,Spanish video game press,Press release about free tactical game and transmedia universe created by solo dev in 23 years,PRESS,Spain
Meristation,@meristation,Web,-,prensa@meristation.com,Spanish video game press,Free tactical game and transmedia universe; indie development angle and no-cost access,PRESS,Spain
IGN Espana,@IGN_es,Web,-,prensa@es.ign.com,Spanish video game and entertainment press,Free tactical game and transmedia universe; 23-year development story,PRESS,Spain
Gamereactor Espana,@gamereactor_es,Web,-,prensa@gamereactor.es,Spanish video game and pop culture press,"Free tactical game with webtoon, books and OST; coverage for Spanish-speaking audience",PRESS,Spain
DeVuego,@DeVuego,Web / database,-,prensa@devuego.es,"Spanish video games, indies and press releases","Send angle of free tactical game made by single creator with webtoon, books and OST as transmedia case",GAMES,Spain
Vandal,@VandalOnline,Web / magazine,-,direccion@vandal.net,"Video games, guides, reviews and gamer culture","Brief pitch: free hex-grid tactical RPG with action universe, original music and 23 years solo dev",GAMES,Spain
Eurogamer.es,@eurogamer_es,Web,-,redaccion@eurogamer.es,Video game criticism and news,"Focus as free indie rarity: tactical game + webtoon + books + OST, ideal for discovery coverage",GAMES,Spain
Akihabara Blues,@akihabarablues,Blog / web,-,redaccion@akihabarablues.com,"Video games, indies, gamer culture",Present Illusion Fight as long-running independent project with free access and press-ready assets,GAMES,Spain
Revogamers,@revogamers,Web / community,~12K Facebook,redaccion@revogamers.net,"Nintendo, eShop, gamer community",Propose indie discovery note for tactical RPG and anime-style game readers,GAMES,Spain
Deus Ex Machina,@DeusExMachinaVG,Magazine / web,-,webmaster@deusexmachina.es,Cultural video game criticism and indies,Creative process pitch: free transmedia work created over 23 years by solo author,GAMES,Spain
Debug View Podcast,@debugviewPCast,Podcast,-,debugviewpodcast@gmail.com,Video game development and indie culture,"Offer interview on narrative design, tactical combat and building universe in four free formats",GAMES,Spain
Lo Que Diga el Master,@lqdelmaster,Podcast,-,loquedigaelmaster@gmail.com,"RPG, miniatures, board games and geek topics","Pitch world, factions and OST as inspiration for RPG tables and role-playing conversation",GAMES,Spain
Padre y Rolero,@padreyrolero,Podcast / blog,-,padreyrolero@gmail.com,"RPG, video games and anime","Close pitch: free universe with lore, factions, tactical combat and music for RPG listeners",GAMES,Spain
Tempus Rol,@tempusrol,Podcast / community,-,tempusrol@gmail.com,"Live roleplay, fantasy, sci-fi and podcast","Present Illusion Fight as free adaptable setting for games, with 36-track OST for atmosphere",GAMES,Spain
ROL FICTION,@RolFiction,Podcast,-,rolfiction@gmail.com,"RPG, role design and anime","Propose episode or mention about converting narrative universe into tactical combat, webtoon and books",GAMES,Spain
Warhammer Historia,@WarhammerHistoria,Podcast,-,warhammerhistoria@gmail.com,"Warhammer, lore, RPG and warlike fantasy","Angle of factions, tactical conflict and dark worldbuilding with original music as hook for lore fans",GAMES,Spain
Cuarto Mundo,@CuartoMundoCL,Web / blog,-,contacto@cuartomundo.cl,"Comics, pop culture, video games and comic library","Pitch webtoon-first: free action comic with expansion to books, tactical RPG and soundtrack",WEBTOON/MANGA,Chile
Otaku Press,@otakupress,Blog,-,spichihua@gmail.com,"Anime, manga, video games, k-pop and Asian culture","Send note for Peruvian otaku audience: free action webtoon with tactical RPG, books and full OST",WEBTOON/MANGA,Peru
La Covacha,@LaCovachaMX,Web / media,-,contact@lacovacha.mx,"Geek culture, comics, video games, series and film","Propose feature about free indie universe for comics, anime and video game readers in Mexico",PRESS,Mexico
Silver Geek,@SilverGeekMX,Web,-,prensa@silvergeek.com.mx,"Anime, manga, film, video games and geek culture","Anime/manga angle: free webtoon with action aesthetic, 36-track OST and tactical game as playable extra",WEBTOON/MANGA,Mexico
HeartbitsVG,@HeartbitsVG,Web / Facebook,-,heartbitscontacto@gmail.com,"Video games, technology, film, anime and geek culture","Geek discovery pitch: free project uniting reading, tactical game and original music",PRESS,Mexico
PortalGeek,@PortalGeekCo,Web / YouTube,-,contacto@portalgeek.co,"Technology, video games and geek culture",Propose note or interview about free transmedia universe for Colombian gamer/geek readers,PRESS,Colombia
Nerditud / Nerdcast,@nerditud,Web / podcast / community,-,nerditud@gmail.com,"Geek culture, series, films, comics, anime and video games","Regional pitch for Guatemala: free action universe with webtoon, books, tactical RPG and OST",PRESS,Guatemala
La Nave Invisible,@lanaveinvisible,Web / newsletter,~784 subscribers,lanaveinvisible@gmail.com,"Fantasy, sci-fi, horror and genre authors","Present book series as free SFF entry point, with webtoon, game and OST as immersion layers",BOOKS,Spain
Libros Prohibidos,@LibrosProhibid,Blog / web,-,hola@libros-prohibidos.com,"Independent literature, fantasy, sci-fi and horror",Request review of free book series with indie and transmedia universe focus,BOOKS,Spain
Distopolis,@Distopolis,Blog / web,-,distopolis@gmail.com,"Fantastic literature, sci-fi and comic reviews","Send SFF free reading pitch, highlighting worldbuilding value and bridge with webtoon/RPG",BOOKS,Spain
El Espejo de Carmesina,@espejocarmesina,Blog,-,elespejodecarmesina@gmail.com,"Literary reviews, fantasy and sci-fi",Offer book series as fantasy/sci-fi reading with complementary visual and musical material,BOOKS,Spain
Me Encanta Leer,@meencantaleer_es,Blog,-,meencantaleer.es@gmail.com,Book reviews and youth/adult literature,"Review pitch for free saga with action, fantasy and visual entry via webtoon",BOOKS,Spain
Boy Meets Books Mx,@BoyMeetsBooksMx,YouTube,-,zurielmalfoy68@gmail.com,"BookTube, sci-fi and fantasy",Present books as free SFF saga and add webtoon/RPG/OST as differential package for video,BOOKS,Mexico
Supersonic Magazine,@SupersonicMag,Magazine / web,-,supersonicmag@gmail.com,"Sci-fi, fantasy and speculative fiction",Propose note or mention about project as free transmedia speculative fiction case,BOOKS,Spain
Viva Er Manga,@VivaErManga,YouTube / X,~59K X,vivaermanga@gmail.com,Manga and anime in Spain and Japan,"Pitch webtoon-first with action aesthetic, factions and lore for manga/anime audience",WEBTOON/MANGA,Spain
Abrelo Toys,@AbreloToys,YouTube,-,abrelotoys@gmail.com,"Manga, Japanese culture, collecting and toys","Send Spanish manga/webtoon hook: free universe with characters, factions and visual material",WEBTOON/MANGA,Spain
Monaka - Dragon Ball,@LPDMonaka,YouTube / Twitch / X,~10K Instagram,lpdmonaka@gmail.com,"Dragon Ball, anime and shonen community","Shonen angle: battles, factions, powers, free webtoon and tactical RPG for action fans",WEBTOON/MANGA,Spain
NeoAnimeZ,@NeoAnimeZ,Instagram / X / web,~47K X,neoanimeztweet@gmail.com,"Anime, manga and Japan","Present Illusion Fight as free anime/manga recommendation with webtoon, music and tactical game",WEBTOON/MANGA,Spain
Hinokami Espana,@HinokamiES,X / community,~34K X,kimetsuhinokami@gmail.com,Popular anime news and community,"Pitch for shonen fans: action, anime aesthetic, free reading and expanded universe with RPG and OST",WEBTOON/MANGA,Spain
Mucho Fanservice,@MuchoFanservice,Podcast,-,muchofanservicepodcast@gmail.com,"Anime, manga and fandom podcast","Propose mention or discovery episode: free action webtoon with books, RPG and OST background",WEBTOON/MANGA,Spain
La Casa de EL,@LaCasaDeEL,Web / podcast,-,info@lacasadeel.net,"Comics, manga, film, series and video games",Pop/geek press pitch: free webtoon as entry door to complete indie universe,PRESS,Spain
Deculture,@Deculture_es,Web,-,info@deculture.es,"Anime, manga, video games and Japanese culture","Focus webtoon and anime aesthetic, adding tactical RPG and soundtrack as transmedia rarity",WEBTOON/MANGA,Spain
Deborah Lopez Rivas,@deborahlr,Freelance / press,-,deborahlopezrivas@gmail.com,"Video game journalism, indies and cultural criticism",Personalized pitch for production analysis: free tactical RPG + webtoon/books/OST created by one person,GAMES,Spain
PortalGeek - Nicolas Schiller,@PortalGeekCo,Web / editorial director,-,nschiller@portalgeek.co,"Video games, reviews and geek culture",Direct editorial contact for interview or note about free launch and 23-year process,PRESS,Colombia
Peru21 Cheka,@peru21noticias,Web / Cheka section,-,redaccion@peru21.pe,"Video games, anime, manga and youth entertainment",Send press release with free access approach for Peruvian video games/anime readers,PRESS,Peru
Jin / Sephi Tetsu,@Sephi_Tetsu,YouTube / Twitch,~23K X,javiermartin041@gmail.com,"Video games, anime and gaming creators","Use combat, factions and anime aesthetic angle for Spanish-language gaming creator",GAMES,Spain
Valquiria E-Sports Argentina,@ValquiriaGames,X / community,~3K X,valquiriafightinggames@gmail.com,Argentine gamer community and fighting games,"LATAM gamer angle: free universe with combat, factions and OST for competitive/anime community",GAMES,Argentina